id,subject,grade,issue_year,student_id
1,math,168,2015,1
2,ukrainian,102,2022,1
3,history,184,2020,1
4,math,123,2019,2
5,ukrainian,196,2011,2
6,geography,153,2018,2
7,math,103,2016,3
8,ukrainian,146,2017,3
9,english,137,2010,3
10,math,170,2012,4
11,ukrainian,197,2016,4
12,chemistry,184,2017,4
13,math,179,2010,5
14,ukrainian,143,2022,5
15,geography,109,2011,5
16,math,199,2022,6
17,ukrainian,126,2020,6
18,chemistry,120,2020,6
19,math,136,2022,7
20,ukrainian,165,2010,7
21,english,118,2010,7
22,math,162,2016,8
23,ukrainian,140,2018,8
24,geography,161,2019,8
25,math,182,2015,9
26,ukrainian,124,2010,9
27,english,190,2019,9
28,math,197,2022,10
29,ukrainian,105,2019,10
30,biology,148,2014,10
31,math,189,2020,11
32,ukrainian,140,2021,11
33,biology,149,2022,11
34,math,182,2012,12
35,ukrainian,171,2016,12
36,biology,141,2017,12
37,math,146,2012,13
38,ukrainian,136,2012,13
39,english,161,2012,13
40,math,109,2022,14
41,ukrainian,200,2013,14
42,biology,146,2017,14
43,math,187,2013,15
44,ukrainian,126,2012,15
45,geography,187,2012,15
46,math,148,2010,16
47,ukrainian,179,2015,16
48,history,101,2015,16
49,math,109,2021,17
50,ukrainian,101,2019,17
51,biology,144,2017,17
52,math,188,2017,18
53,ukrainian,103,2014,18
54,chemistry,195,2022,18
55,math,179,2020,19
56,ukrainian,182,2013,19
57,english,158,2016,19
58,math,126,2023,20
59,ukrainian,122,2018,20
60,biology,145,2011,20
61,math,165,2016,21
62,ukrainian,115,2023,21
63,english,152,2011,21
64,math,192,2023,22
65,ukrainian,193,2016,22
66,english,131,2011,22
67,math,199,2015,23
68,ukrainian,166,2019,23
69,physics,146,2022,23
70,math,135,2018,24
71,ukrainian,118,2022,24
72,english,177,2013,24
73,math,176,2023,25
74,ukrainian,153,2012,25
75,physics,187,2018,25
76,math,174,2014,26
77,ukrainian,136,2016,26
78,physics,118,2018,26
79,math,109,2019,27
80,ukrainian,142,2020,27
81,english,130,2014,27
82,math,171,2017,28
83,ukrainian,132,2011,28
84,english,166,2014,28
85,math,181,2011,29
86,ukrainian,181,2021,29
87,chemistry,158,2011,29
88,math,135,2019,30
89,ukrainian,135,2021,30
90,english,108,2010,30
91,math,164,2021,31
92,ukrainian,157,2021,31
93,history,116,2017,31
94,math,185,2021,32
95,ukrainian,116,2022,32
96,biology,182,2015,32
97,math,161,2019,33
98,ukrainian,168,2015,33
99,geography,177,2012,33
100,math,186,2018,34
101,ukrainian,164,2022,34
102,chemistry,105,2021,34
103,math,167,2022,35
104,ukrainian,173,2010,35
105,geography,166,2020,35
106,math,164,2020,36
107,ukrainian,154,2018,36
108,english,168,2010,36
109,math,200,2022,37
110,ukrainian,176,2013,37
111,geography,186,2021,37
112,math,108,2015,38
113,ukrainian,185,2010,38
114,geography,117,2011,38
115,math,118,2010,39
116,ukrainian,153,2015,39
117,chemistry,165,2010,39
118,math,123,2014,40
119,ukrainian,163,2022,40
120,chemistry,149,2021,40
121,math,104,2012,41
122,ukrainian,108,2013,41
123,physics,180,2022,41
124,math,173,2016,42
125,ukrainian,102,2017,42
126,history,105,2010,42
127,math,107,2017,43
128,ukrainian,126,2023,43
129,biology,160,2016,43
130,math,149,2010,44
131,ukrainian,161,2012,44
132,biology,140,2013,44
133,math,170,2019,45
134,ukrainian,145,2011,45
135,physics,147,2011,45
136,math,181,2019,46
137,ukrainian,126,2012,46
138,chemistry,156,2018,46
139,math,189,2022,47
140,ukrainian,137,2016,47
141,physics,184,2019,47
142,math,110,2013,48
143,ukrainian,102,2012,48
144,physics,189,2022,48
145,math,125,2018,49
146,ukrainian,131,2016,49
147,english,142,2019,49
148,math,197,2018,50
149,ukrainian,165,2013,50
150,physics,154,2017,50
151,math,138,2015,51
152,ukrainian,139,2018,51
153,english,140,2022,51
154,math,173,2022,52
155,ukrainian,113,2014,52
156,geography,134,2011,52
157,math,182,2016,53
158,ukrainian,126,2011,53
159,history,113,2012,53
160,math,155,2015,54
161,ukrainian,175,2019,54
162,history,167,2023,54
163,math,154,2011,55
164,ukrainian,102,2010,55
165,geography,142,2014,55
166,math,103,2011,56
167,ukrainian,155,2016,56
168,geography,102,2016,56
169,math,159,2018,57
170,ukrainian,144,2021,57
171,biology,102,2015,57
172,math,106,2016,58
173,ukrainian,162,2022,58
174,physics,111,2014,58
175,math,100,2018,59
176,ukrainian,112,2018,59
177,chemistry,144,2016,59
178,math,178,2015,60
179,ukrainian,161,2012,60
180,chemistry,153,2014,60
181,math,101,2018,61
182,ukrainian,179,2023,61
183,biology,144,2023,61
184,math,189,2016,62
185,ukrainian,153,2015,62
186,physics,108,2010,62
187,math,110,2015,63
188,ukrainian,148,2018,63
189,history,169,2020,63
190,math,176,2015,64
191,ukrainian,145,2020,64
192,biology,140,2010,64
193,math,135,2011,65
194,ukrainian,162,2014,65
195,english,173,2023,65
196,math,145,2010,66
197,ukrainian,134,2014,66
198,biology,161,2011,66
199,math,184,2014,67
200,ukrainian,147,2014,67
201,biology,170,2019,67
202,math,147,2022,68
203,ukrainian,156,2015,68
204,chemistry,181,2015,68
205,math,107,2018,69
206,ukrainian,133,2016,69
207,history,189,2021,69
208,math,126,2021,70
209,ukrainian,103,2011,70
210,biology,125,2011,70
211,math,170,2010,71
212,ukrainian,137,2011,71
213,english,194,2018,71
214,math,170,2011,72
215,ukrainian,102,2011,72
216,chemistry,139,2012,72
217,math,145,2015,73
218,ukrainian,137,2011,73
219,geography,141,2012,73
220,math,123,2013,74
221,ukrainian,186,2021,74
222,geography,131,2010,74
223,math,145,2023,75
224,ukrainian,102,2012,75
225,history,191,2016,75
226,math,175,2020,76
227,ukrainian,199,2016,76
228,geography,144,2013,76
229,math,144,2014,77
230,ukrainian,163,2022,77
231,geography,102,2010,77
232,math,145,2010,78
233,ukrainian,164,2018,78
234,chemistry,106,2012,78
235,math,143,2012,79
236,ukrainian,103,2013,79
237,physics,190,2021,79
238,math,124,2017,80
239,ukrainian,165,2012,80
240,history,175,2010,80
241,math,153,2020,81
242,ukrainian,114,2012,81
243,physics,182,2023,81
244,math,188,2012,82
245,ukrainian,127,2014,82
246,geography,119,2021,82
247,math,146,2020,83
248,ukrainian,183,2011,83
249,history,110,2012,83
250,math,193,2013,84
251,ukrainian,106,2011,84
252,chemistry,188,2013,84
253,math,159,2012,85
254,ukrainian,140,2023,85
255,physics,140,2011,85
256,math,198,2013,86
257,ukrainian,133,2021,86
258,chemistry,135,2017,86
259,math,199,2019,87
260,ukrainian,102,2017,87
261,history,137,2020,87
262,math,188,2021,88
263,ukrainian,137,2011,88
264,geography,108,2019,88
265,math,200,2014,89
266,ukrainian,121,2021,89
267,english,116,2016,89
268,math,116,2019,90
269,ukrainian,163,2017,90
270,geography,115,2019,90
271,math,161,2014,91
272,ukrainian,125,2023,91
273,geography,166,2014,91
274,math,161,2019,92
275,ukrainian,198,2019,92
276,physics,176,2016,92
277,math,158,2015,93
278,ukrainian,194,2011,93
279,biology,103,2021,93
280,math,170,2014,94
281,ukrainian,198,2010,94
282,physics,120,2022,94
283,math,139,2022,95
284,ukrainian,166,2013,95
285,geography,149,2022,95
286,math,153,2018,96
287,ukrainian,176,2015,96
288,biology,126,2016,96
289,math,139,2022,97
290,ukrainian,139,2020,97
291,physics,133,2014,97
292,math,115,2012,98
293,ukrainian,118,2013,98
294,english,177,2019,98
295,math,166,2012,99
296,ukrainian,119,2010,99
297,history,193,2015,99
298,math,110,2022,100
299,ukrainian,156,2023,100
300,english,132,2012,100
301,math,116,2015,101
302,ukrainian,186,2017,101
303,history,101,2019,101
304,math,142,2014,102
305,ukrainian,129,2018,102
306,english,100,2012,102
307,math,152,2023,103
308,ukrainian,153,2016,103
309,geography,128,2013,103
310,math,169,2022,104
311,ukrainian,152,2018,104
312,physics,104,2013,104
313,math,106,2015,105
314,ukrainian,125,2018,105
315,physics,116,2011,105
316,math,170,2020,106
317,ukrainian,146,2021,106
318,physics,173,2011,106
319,math,197,2016,107
320,ukrainian,192,2015,107
321,biology,188,2015,107
322,math,146,2012,108
323,ukrainian,198,2010,108
324,biology,120,2010,108
325,math,137,2010,109
326,ukrainian,179,2020,109
327,english,144,2014,109
328,math,103,2013,110
329,ukrainian,146,2010,110
330,biology,101,2013,110
331,math,111,2013,111
332,ukrainian,100,2010,111
333,english,127,2010,111
334,math,112,2022,112
335,ukrainian,120,2021,112
336,geography,127,2012,112
337,math,188,2010,113
338,ukrainian,146,2012,113
339,history,150,2020,113
340,math,172,2018,114
341,ukrainian,168,2020,114
342,biology,164,2023,114
343,math,141,2023,115
344,ukrainian,133,2014,115
345,geography,171,2014,115
346,math,101,2021,116
347,ukrainian,129,2014,116
348,geography,149,2015,116
349,math,182,2017,117
350,ukrainian,161,2019,117
351,english,147,2014,117
352,math,112,2012,118
353,ukrainian,118,2015,118
354,physics,187,2022,118
355,math,170,2011,119
356,ukrainian,126,2012,119
357,english,143,2010,119
358,math,194,2010,120
359,ukrainian,120,2018,120
360,chemistry,153,2023,120
361,math,144,2020,121
362,ukrainian,190,2010,121
363,chemistry,197,2022,121
364,math,184,2021,122
365,ukrainian,191,2023,122
366,biology,148,2018,122
367,math,190,2020,123
368,ukrainian,184,2017,123
369,geography,178,2017,123
370,math,159,2010,124
371,ukrainian,198,2016,124
372,chemistry,159,2020,124
373,math,132,2014,125
374,ukrainian,164,2021,125
375,english,195,2017,125
376,math,167,2020,126
377,ukrainian,107,2013,126
378,history,156,2015,126
379,math,172,2014,127
380,ukrainian,122,2022,127
381,history,176,2023,127
382,math,141,2023,128
383,ukrainian,158,2018,128
384,history,116,2011,128
385,math,184,2017,129
386,ukrainian,194,2017,129
387,chemistry,162,2015,129
388,math,170,2012,130
389,ukrainian,129,2013,130
390,history,177,2011,130
391,math,133,2021,131
392,ukrainian,123,2016,131
393,english,176,2017,131
394,math,191,2013,132
395,ukrainian,185,2022,132
396,english,144,2014,132
397,math,122,2013,133
398,ukrainian,148,2020,133
399,geography,156,2010,133
400,math,168,2019,134
401,ukrainian,176,2018,134
402,history,195,2012,134
403,math,176,2022,135
404,ukrainian,169,2022,135
405,english,176,2010,135
406,math,101,2011,136
407,ukrainian,195,2012,136
408,english,181,2017,136
409,math,168,2023,137
410,ukrainian,164,2023,137
411,history,130,2022,137
412,math,113,2021,138
413,ukrainian,171,2023,138
414,biology,152,2011,138
415,math,158,2019,139
416,ukrainian,172,2014,139
417,history,190,2010,139
418,math,172,2023,140
419,ukrainian,103,2011,140
420,chemistry,185,2018,140
421,math,147,2021,141
422,ukrainian,128,2021,141
423,geography,132,2011,141
424,math,190,2017,142
425,ukrainian,121,2021,142
426,geography,137,2023,142
427,math,161,2016,143
428,ukrainian,172,2012,143
429,biology,133,2018,143
430,math,127,2017,144
431,ukrainian,143,2014,144
432,english,149,2023,144
433,math,104,2022,145
434,ukrainian,128,2012,145
435,geography,130,2013,145
436,math,103,2017,146
437,ukrainian,101,2022,146
438,physics,119,2015,146
439,math,128,2018,147
440,ukrainian,148,2020,147
441,biology,110,2021,147
442,math,144,2020,148
443,ukrainian,136,2022,148
444,chemistry,158,2022,148
445,math,181,2016,149
446,ukrainian,152,2016,149
447,geography,191,2019,149
448,math,148,2020,150
449,ukrainian,174,2011,150
450,physics,118,2022,150
451,math,173,2014,151
452,ukrainian,161,2016,151
453,geography,162,2018,151
454,math,173,2017,152
455,ukrainian,166,2014,152
456,history,125,2017,152
457,math,109,2015,153
458,ukrainian,120,2019,153
459,chemistry,136,2019,153
460,math,160,2010,154
461,ukrainian,119,2016,154
462,history,117,2019,154
463,math,102,2016,155
464,ukrainian,177,2011,155
465,english,179,2020,155
466,math,174,2016,156
467,ukrainian,200,2022,156
468,english,112,2011,156
469,math,103,2022,157
470,ukrainian,139,2010,157
471,geography,114,2017,157
472,math,167,2017,158
473,ukrainian,196,2023,158
474,physics,146,2022,158
475,math,157,2021,159
476,ukrainian,161,2017,159
477,physics,115,2021,159
478,math,106,2019,160
479,ukrainian,135,2013,160
480,history,127,2015,160
481,math,145,2023,161
482,ukrainian,148,2018,161
483,biology,114,2012,161
484,math,199,2014,162
485,ukrainian,148,2014,162
486,chemistry,196,2010,162
487,math,200,2010,163
488,ukrainian,160,2011,163
489,english,154,2020,163
490,math,183,2016,164
491,ukrainian,158,2012,164
492,geography,110,2013,164
493,math,167,2011,165
494,ukrainian,110,2019,165
495,physics,153,2014,165
496,math,107,2014,166
497,ukrainian,136,2023,166
498,biology,148,2010,166
499,math,114,2010,167
500,ukrainian,191,2016,167
501,history,163,2023,167
502,math,150,2019,168
503,ukrainian,176,2013,168
504,physics,117,2017,168
505,math,112,2021,169
506,ukrainian,154,2023,169
507,english,103,2011,169
508,math,112,2018,170
509,ukrainian,131,2013,170
510,history,158,2011,170
511,math,157,2018,171
512,ukrainian,128,2022,171
513,geography,187,2011,171
514,math,116,2016,172
515,ukrainian,138,2020,172
516,physics,131,2013,172
517,math,157,2016,173
518,ukrainian,174,2011,173
519,history,158,2013,173
520,math,116,2012,174
521,ukrainian,117,2014,174
522,history,199,2019,174
523,math,178,2015,175
524,ukrainian,122,2019,175
525,history,100,2010,175
526,math,185,2017,176
527,ukrainian,158,2013,176
528,english,150,2012,176
529,math,181,2013,177
530,ukrainian,179,2010,177
531,physics,197,2018,177
532,math,116,2018,178
533,ukrainian,155,2023,178
534,physics,135,2014,178
535,math,153,2018,179
536,ukrainian,159,2021,179
537,english,128,2011,179
538,math,140,2022,180
539,ukrainian,149,2021,180
540,history,102,2017,180
541,math,138,2016,181
542,ukrainian,113,2016,181
543,history,131,2012,181
544,math,132,2022,182
545,ukrainian,167,2021,182
546,english,132,2014,182
547,math,132,2012,183
548,ukrainian,115,2015,183
549,biology,176,2012,183
550,math,186,2011,184
551,ukrainian,154,2022,184
552,english,172,2020,184
553,math,104,2017,185
554,ukrainian,185,2022,185
555,english,186,2010,185
556,math,155,2023,186
557,ukrainian,154,2021,186
558,english,123,2020,186
559,math,186,2013,187
560,ukrainian,190,2020,187
561,geography,181,2016,187
562,math,171,2016,188
563,ukrainian,138,2021,188
564,chemistry,131,2023,188
565,math,141,2021,189
566,ukrainian,131,2017,189
567,geography,114,2023,189
568,math,131,2016,190
569,ukrainian,196,2017,190
570,physics,140,2010,190
571,math,174,2019,191
572,ukrainian,101,2020,191
573,physics,103,2012,191
574,math,112,2016,192
575,ukrainian,182,2023,192
576,biology,128,2015,192
577,math,141,2020,193
578,ukrainian,120,2017,193
579,chemistry,180,2021,193
580,math,135,2021,194
581,ukrainian,104,2016,194
582,chemistry,104,2022,194
583,math,111,2022,195
584,ukrainian,118,2017,195
585,biology,113,2016,195
586,math,115,2013,196
587,ukrainian,111,2010,196
588,english,173,2023,196
589,math,173,2010,197
590,ukrainian,176,2016,197
591,english,110,2023,197
592,math,112,2014,198
593,ukrainian,168,2015,198
594,english,161,2012,198
595,math,171,2015,199
596,ukrainian,110,2013,199
597,biology,112,2011,199
598,math,113,2010,200
599,ukrainian,109,2023,200
600,chemistry,176,2010,200
601,math,200,2017,201
602,ukrainian,110,2020,201
603,history,158,2011,201
604,math,153,2017,202
605,ukrainian,171,2014,202
606,history,191,2014,202
607,math,118,2015,203
608,ukrainian,183,2023,203
609,biology,109,2018,203
610,math,134,2013,204
611,ukrainian,115,2012,204
612,chemistry,184,2012,204
613,math,133,2016,205
614,ukrainian,155,2016,205
615,physics,139,2011,205
616,math,160,2015,206
617,ukrainian,186,2015,206
618,history,190,2023,206
619,math,107,2012,207
620,ukrainian,159,2014,207
621,english,163,2019,207
622,math,102,2015,208
623,ukrainian,195,2023,208
624,chemistry,183,2017,208
625,math,106,2012,209
626,ukrainian,133,2021,209
627,physics,137,2020,209
628,math,200,2023,210
629,ukrainian,145,2017,210
630,biology,195,2014,210
631,math,188,2012,211
632,ukrainian,129,2015,211
633,physics,146,2022,211
634,math,103,2018,212
635,ukrainian,132,2023,212
636,biology,187,2016,212
637,math,140,2017,213
638,ukrainian,170,2010,213
639,english,152,2021,213
640,math,139,2014,214
641,ukrainian,170,2020,214
642,biology,120,2014,214
643,math,145,2013,215
644,ukrainian,193,2021,215
645,geography,161,2017,215
646,math,107,2022,216
647,ukrainian,126,2023,216
648,english,158,2014,216
649,math,148,2015,217
650,ukrainian,128,2011,217
651,history,100,2015,217
652,math,178,2015,218
653,ukrainian,173,2019,218
654,geography,104,2015,218
655,math,197,2020,219
656,ukrainian,197,2020,219
657,history,141,2014,219
658,math,115,2022,220
659,ukrainian,196,2021,220
660,biology,122,2021,220
661,math,107,2015,221
662,ukrainian,188,2013,221
663,english,174,2023,221
664,math,114,2019,222
665,ukrainian,127,2018,222
666,chemistry,119,2015,222
667,math,186,2019,223
668,ukrainian,134,2013,223
669,english,199,2023,223
670,math,198,2019,224
671,ukrainian,194,2012,224
672,chemistry,173,2016,224
673,math,189,2011,225
674,ukrainian,183,2019,225
675,biology,118,2019,225
676,math,171,2020,226
677,ukrainian,123,2018,226
678,physics,103,2013,226
679,math,200,2014,227
680,ukrainian,184,2021,227
681,geography,158,2016,227
682,math,121,2023,228
683,ukrainian,139,2013,228
684,geography,188,2014,228
685,math,197,2018,229
686,ukrainian,141,2023,229
687,physics,176,2019,229
688,math,184,2011,230
689,ukrainian,151,2021,230
690,geography,141,2014,230
691,math,152,2012,231
692,ukrainian,128,2016,231
693,english,102,2010,231
694,math,160,2015,232
695,ukrainian,128,2015,232
696,english,175,2015,232
697,math,147,2015,233
698,ukrainian,110,2013,233
699,chemistry,149,2011,233
700,math,149,2017,234
701,ukrainian,109,2016,234
702,english,155,2019,234
703,math,112,2017,235
704,ukrainian,136,2015,235
705,english,197,2018,235
706,math,121,2023,236
707,ukrainian,161,2022,236
708,biology,153,2021,236
709,math,187,2013,237
710,ukrainian,147,2010,237
711,biology,148,2016,237
712,math,115,2018,238
713,ukrainian,145,2021,238
714,biology,167,2014,238
715,math,148,2010,239
716,ukrainian,154,2017,239
717,history,182,2016,239
718,math,112,2020,240
719,ukrainian,174,2018,240
720,physics,193,2019,240
721,math,176,2012,241
722,ukrainian,123,2018,241
723,english,190,2022,241
724,math,130,2023,242
725,ukrainian,129,2017,242
726,english,198,2021,242
727,math,185,2022,243
728,ukrainian,193,2016,243
729,chemistry,143,2017,243
730,math,199,2019,244
731,ukrainian,181,2014,244
732,geography,160,2016,244
733,math,120,2016,245
734,ukrainian,191,2011,245
735,physics,120,2017,245
736,math,114,2010,246
737,ukrainian,135,2013,246
738,biology,132,2022,246
739,math,130,2012,247
740,ukrainian,163,2022,247
741,geography,143,2015,247
742,math,116,2012,248
743,ukrainian,198,2015,248
744,history,176,2010,248
745,math,199,2018,249
746,ukrainian,162,2021,249
747,geography,140,2020,249
748,math,105,2011,250
749,ukrainian,168,2022,250
750,physics,121,2011,250
751,math,173,2019,251
752,ukrainian,126,2012,251
753,biology,101,2021,251
754,math,109,2023,252
755,ukrainian,161,2011,252
756,physics,157,2012,252
757,math,152,2018,253
758,ukrainian,104,2023,253
759,biology,136,2016,253
760,math,179,2013,254
761,ukrainian,163,2023,254
762,geography,100,2016,254
763,math,158,2012,255
764,ukrainian,140,2020,255
765,geography,197,2016,255
766,math,127,2019,256
767,ukrainian,157,2021,256
768,biology,141,2015,256
769,math,193,2012,257
770,ukrainian,195,2020,257
771,history,133,2017,257
772,math,187,2022,258
773,ukrainian,130,2015,258
774,history,134,2023,258
775,math,180,2010,259
776,ukrainian,110,2011,259
777,english,103,2013,259
778,math,115,2018,260
779,ukrainian,147,2021,260
780,english,126,2019,260
781,math,117,2023,261
782,ukrainian,172,2022,261
783,biology,197,2023,261
784,math,130,2012,262
785,ukrainian,183,2022,262
786,geography,163,2011,262
787,math,166,2015,263
788,ukrainian,116,2017,263
789,chemistry,160,2015,263
790,math,164,2019,264
791,ukrainian,182,2015,264
792,biology,126,2017,264
793,math,161,2023,265
794,ukrainian,192,2012,265
795,biology,196,2021,265
796,math,199,2019,266
797,ukrainian,180,2020,266
798,english,152,2022,266
799,math,185,2019,267
800,ukrainian,148,2021,267
801,chemistry,161,2021,267
802,math,145,2022,268
803,ukrainian,190,2015,268
804,english,196,2020,268
805,math,166,2019,269
806,ukrainian,103,2013,269
807,chemistry,198,2018,269
808,math,195,2019,270
809,ukrainian,151,2013,270
810,history,152,2021,270
811,math,125,2010,271
812,ukrainian,173,2012,271
813,physics,184,2021,271
814,math,111,2010,272
815,ukrainian,131,2022,272
816,chemistry,135,2014,272
817,math,138,2013,273
818,ukrainian,145,2016,273
819,geography,116,2013,273
820,math,158,2017,274
821,ukrainian,159,2010,274
822,geography,108,2011,274
823,math,154,2011,275
824,ukrainian,177,2022,275
825,chemistry,124,2019,275
826,math,126,2010,276
827,ukrainian,141,2016,276
828,physics,171,2020,276
829,math,184,2015,277
830,ukrainian,155,2016,277
831,biology,127,2019,277
832,math,133,2010,278
833,ukrainian,185,2010,278
834,geography,111,2020,278
835,math,178,2015,279
836,ukrainian,157,2011,279
837,physics,138,2020,279
838,math,170,2020,280
839,ukrainian,170,2016,280
840,biology,109,2012,280
841,math,123,2015,281
842,ukrainian,193,2014,281
843,geography,118,2013,281
844,math,189,2023,282
845,ukrainian,179,2019,282
846,physics,180,2014,282
847,math,146,2022,283
848,ukrainian,158,2023,283
849,physics,171,2015,283
850,math,134,2011,284
851,ukrainian,119,2010,284
852,physics,136,2015,284
853,math,101,2023,285
854,ukrainian,163,2010,285
855,geography,143,2017,285
856,math,171,2016,286
857,ukrainian,135,2010,286
858,physics,130,2010,286
859,math,157,2017,287
860,ukrainian,123,2023,287
861,english,167,2023,287
862,math,103,2020,288
863,ukrainian,196,2018,288
864,geography,150,2014,288
865,math,178,2017,289
866,ukrainian,188,2016,289
867,chemistry,197,2011,289
868,math,188,2012,290
869,ukrainian,125,2021,290
870,chemistry,141,2010,290
871,math,110,2022,291
872,ukrainian,198,2022,291
873,physics,189,2015,291
874,math,143,2017,292
875,ukrainian,107,2021,292
876,history,126,2018,292
877,math,173,2019,293
878,ukrainian,152,2010,293
879,physics,114,2014,293
880,math,172,2012,294
881,ukrainian,179,2016,294
882,biology,185,2015,294
883,math,108,2021,295
884,ukrainian,107,2022,295
885,physics,122,2013,295
886,math,192,2022,296
887,ukrainian,121,2013,296
888,biology,150,2014,296
889,math,174,2023,297
890,ukrainian,189,2023,297
891,biology,180,2023,297
892,math,149,2023,298
893,ukrainian,199,2018,298
894,biology,172,2012,298
895,math,137,2015,299
896,ukrainian,103,2012,299
897,history,169,2013,299
898,math,180,2014,300
899,ukrainian,129,2017,300
900,chemistry,190,2010,300
901,math,192,2016,301
902,ukrainian,187,2012,301
903,chemistry,183,2020,301
904,math,164,2016,302
905,ukrainian,135,2018,302
906,biology,176,2017,302
907,math,152,2012,303
908,ukrainian,140,2017,303
909,physics,126,2010,303
910,math,180,2022,304
911,ukrainian,192,2015,304
912,geography,160,2018,304
913,math,143,2016,305
914,ukrainian,148,2021,305
915,chemistry,170,2019,305
916,math,161,2020,306
917,ukrainian,119,2010,306
918,english,164,2015,306
919,math,120,2018,307
920,ukrainian,139,2022,307
921,biology,195,2018,307
922,math,191,2014,308
923,ukrainian,140,2021,308
924,geography,134,2013,308
925,math,100,2012,309
926,ukrainian,122,2012,309
927,biology,111,2014,309
928,math,127,2012,310
929,ukrainian,179,2019,310
930,english,127,2019,310
931,math,186,2012,311
932,ukrainian,129,2014,311
933,geography,122,2011,311
934,math,145,2020,312
935,ukrainian,188,2013,312
936,history,183,2023,312
937,math,127,2016,313
938,ukrainian,153,2017,313
939,chemistry,129,2018,313
940,math,193,2017,314
941,ukrainian,170,2015,314
942,geography,155,2013,314
943,math,184,2014,315
944,ukrainian,121,2010,315
945,english,162,2019,315
946,math,135,2010,316
947,ukrainian,175,2019,316
948,history,147,2016,316
949,math,199,2013,317
950,ukrainian,179,2023,317
951,geography,165,2021,317
952,math,155,2011,318
953,ukrainian,152,2018,318
954,history,180,2022,318
955,math,152,2017,319
956,ukrainian,106,2014,319
957,physics,166,2020,319
958,math,103,2016,320
959,ukrainian,184,2011,320
960,physics,185,2012,320
961,math,131,2012,321
962,ukrainian,173,2013,321
963,history,127,2022,321
964,math,114,2015,322
965,ukrainian,180,2016,322
966,biology,140,2012,322
967,math,128,2018,323
968,ukrainian,199,2012,323
969,physics,199,2013,323
970,math,175,2019,324
971,ukrainian,184,2011,324
972,chemistry,110,2013,324
973,math,164,2023,325
974,ukrainian,163,2014,325
975,physics,169,2018,325
976,math,105,2014,326
977,ukrainian,140,2013,326
978,geography,122,2018,326
979,math,181,2018,327
980,ukrainian,142,2012,327
981,biology,148,2023,327
982,math,146,2010,328
983,ukrainian,128,2023,328
984,english,178,2013,328
985,math,128,2021,329
986,ukrainian,185,2011,329
987,geography,126,2014,329
988,math,105,2015,330
989,ukrainian,146,2019,330
990,physics,128,2017,330
991,math,118,2020,331
992,ukrainian,125,2023,331
993,physics,142,2019,331
994,math,140,2018,332
995,ukrainian,156,2011,332
996,chemistry,151,2014,332
997,math,190,2022,333
998,ukrainian,113,2019,333
999,biology,188,2015,333
1000,math,165,2014,334
1001,ukrainian,183,2015,334
1002,english,194,2019,334
1003,math,131,2012,335
1004,ukrainian,166,2016,335
1005,geography,105,2012,335
1006,math,161,2011,336
1007,ukrainian,159,2016,336
1008,biology,142,2020,336
1009,math,113,2015,337
1010,ukrainian,200,2010,337
1011,geography,122,2018,337
1012,math,125,2020,338
1013,ukrainian,160,2018,338
1014,history,142,2023,338
1015,math,197,2022,339
1016,ukrainian,167,2014,339
1017,geography,197,2014,339
1018,math,109,2018,340
1019,ukrainian,172,2019,340
1020,history,163,2013,340
1021,math,160,2012,341
1022,ukrainian,147,2019,341
1023,chemistry,187,2023,341
1024,math,125,2023,342
1025,ukrainian,145,2020,342
1026,chemistry,160,2018,342
1027,math,105,2016,343
1028,ukrainian,145,2016,343
1029,geography,108,2013,343
1030,math,108,2019,344
1031,ukrainian,177,2018,344
1032,chemistry,180,2012,344
1033,math,106,2010,345
1034,ukrainian,140,2010,345
1035,geography,180,2011,345
1036,math,130,2019,346
1037,ukrainian,112,2011,346
1038,english,179,2015,346
1039,math,144,2020,347
1040,ukrainian,137,2020,347
1041,biology,112,2017,347
1042,math,148,2021,348
1043,ukrainian,168,2012,348
1044,physics,157,2011,348
1045,math,174,2010,349
1046,ukrainian,176,2011,349
1047,history,193,2015,349
1048,math,181,2010,350
1049,ukrainian,194,2013,350
1050,physics,144,2020,350
1051,math,166,2010,351
1052,ukrainian,114,2016,351
1053,physics,175,2012,351
1054,math,158,2013,352
1055,ukrainian,170,2019,352
1056,chemistry,111,2011,352
1057,math,193,2010,353
1058,ukrainian,178,2021,353
1059,english,140,2017,353
1060,math,185,2020,354
1061,ukrainian,114,2021,354
1062,chemistry,104,2022,354
1063,math,110,2014,355
1064,ukrainian,162,2019,355
1065,history,194,2010,355
1066,math,103,2013,356
1067,ukrainian,116,2013,356
1068,physics,111,2021,356
1069,math,188,2013,357
1070,ukrainian,118,2013,357
1071,history,169,2016,357
1072,math,164,2021,358
1073,ukrainian,196,2015,358
1074,physics,175,2022,358
1075,math,143,2013,359
1076,ukrainian,113,2016,359
1077,physics,194,2020,359
1078,math,164,2015,360
1079,ukrainian,146,2011,360
1080,geography,144,2021,360
1081,math,106,2019,361
1082,ukrainian,133,2023,361
1083,history,125,2010,361
1084,math,122,2012,362
1085,ukrainian,198,2010,362
1086,biology,179,2012,362
1087,math,123,2018,363
1088,ukrainian,187,2010,363
1089,biology,110,2011,363
1090,math,126,2016,364
1091,ukrainian,118,2020,364
1092,physics,100,2017,364
1093,math,165,2010,365
1094,ukrainian,137,2015,365
1095,physics,147,2018,365
1096,math,178,2018,366
1097,ukrainian,113,2015,366
1098,english,152,2019,366
1099,math,176,2012,367
1100,ukrainian,191,2021,367
1101,english,103,2019,367
1102,math,173,2020,368
1103,ukrainian,200,2017,368
1104,physics,146,2014,368
1105,math,125,2012,369
1106,ukrainian,171,2015,369
1107,history,189,2012,369
1108,math,102,2016,370
1109,ukrainian,147,2013,370
1110,biology,120,2019,370
1111,math,117,2013,371
1112,ukrainian,136,2020,371
1113,chemistry,157,2012,371
1114,math,172,2021,372
1115,ukrainian,168,2016,372
1116,chemistry,199,2013,372
1117,math,161,2017,373
1118,ukrainian,170,2017,373
1119,geography,154,2019,373
1120,math,136,2014,374
1121,ukrainian,122,2016,374
1122,geography,103,2022,374
1123,math,115,2015,375
1124,ukrainian,171,2010,375
1125,chemistry,130,2015,375
1126,math,107,2018,376
1127,ukrainian,131,2021,376
1128,geography,193,2019,376
1129,math,138,2016,377
1130,ukrainian,184,2016,377
1131,geography,134,2015,377
1132,math,114,2019,378
1133,ukrainian,162,2013,378
1134,chemistry,184,2019,378
1135,math,117,2017,379
1136,ukrainian,181,2011,379
1137,chemistry,125,2010,379
1138,math,179,2022,380
1139,ukrainian,165,2023,380
1140,physics,134,2017,380
1141,math,171,2012,381
1142,ukrainian,193,2022,381
1143,physics,126,2017,381
1144,math,168,2019,382
1145,ukrainian,159,2020,382
1146,physics,139,2015,382
1147,math,189,2017,383
1148,ukrainian,188,2017,383
1149,biology,190,2012,383
1150,math,173,2019,384
1151,ukrainian,104,2017,384
1152,history,104,2010,384
1153,math,176,2012,385
1154,ukrainian,133,2014,385
1155,geography,136,2015,385
1156,math,184,2017,386
1157,ukrainian,119,2020,386
1158,chemistry,131,2022,386
1159,math,143,2013,387
1160,ukrainian,138,2015,387
1161,english,148,2012,387
1162,math,126,2023,388
1163,ukrainian,172,2019,388
1164,english,116,2019,388
1165,math,173,2023,389
1166,ukrainian,183,2012,389
1167,biology,110,2015,389
1168,math,144,2010,390
1169,ukrainian,105,2017,390
1170,physics,109,2013,390
1171,math,133,2014,391
1172,ukrainian,138,2023,391
1173,chemistry,169,2018,391
1174,math,110,2012,392
1175,ukrainian,132,2023,392
1176,chemistry,152,2019,392
1177,math,118,2015,393
1178,ukrainian,102,2011,393
1179,chemistry,151,2016,393
1180,math,120,2015,394
1181,ukrainian,132,2014,394
1182,history,156,2022,394
1183,math,168,2023,395
1184,ukrainian,196,2021,395
1185,geography,101,2011,395
1186,math,189,2020,396
1187,ukrainian,173,2011,396
1188,biology,139,2015,396
1189,math,167,2021,397
1190,ukrainian,200,2015,397
1191,physics,168,2018,397
1192,math,184,2010,398
1193,ukrainian,156,2016,398
1194,geography,108,2012,398
1195,math,169,2014,399
1196,ukrainian,139,2018,399
1197,geography,183,2022,399
1198,math,133,2023,400
1199,ukrainian,107,2015,400
1200,english,164,2013,400
1201,math,127,2017,401
1202,ukrainian,147,2022,401
1203,english,166,2018,401
1204,math,146,2015,402
1205,ukrainian,186,2022,402
1206,chemistry,146,2014,402
1207,math,103,2021,403
1208,ukrainian,135,2022,403
1209,history,176,2010,403
1210,math,199,2012,404
1211,ukrainian,125,2010,404
1212,english,118,2023,404
1213,math,155,2012,405
1214,ukrainian,162,2023,405
1215,history,153,2014,405
1216,math,106,2023,406
1217,ukrainian,163,2014,406
1218,history,161,2012,406
1219,math,140,2011,407
1220,ukrainian,113,2018,407
1221,chemistry,105,2016,407
1222,math,122,2019,408
1223,ukrainian,192,2018,408
1224,history,104,2012,408
1225,math,122,2023,409
1226,ukrainian,135,2022,409
1227,biology,132,2013,409
1228,math,110,2014,410
1229,ukrainian,109,2019,410
1230,geography,125,2016,410
1231,math,140,2014,411
1232,ukrainian,128,2011,411
1233,english,102,2021,411
1234,math,131,2016,412
1235,ukrainian,147,2022,412
1236,chemistry,157,2022,412
1237,math,166,2017,413
1238,ukrainian,193,2023,413
1239,biology,138,2018,413
1240,math,165,2014,414
1241,ukrainian,116,2022,414
1242,biology,159,2020,414
1243,math,109,2014,415
1244,ukrainian,165,2021,415
1245,geography,125,2010,415
1246,math,119,2015,416
1247,ukrainian,123,2010,416
1248,english,178,2012,416
1249,math,197,2020,417
1250,ukrainian,130,2021,417
1251,chemistry,178,2016,417
1252,math,131,2020,418
1253,ukrainian,138,2018,418
1254,history,146,2010,418
1255,math,161,2023,419
1256,ukrainian,102,2011,419
1257,chemistry,127,2017,419
1258,math,170,2019,420
1259,ukrainian,135,2023,420
1260,physics,185,2023,420
1261,math,113,2015,421
1262,ukrainian,146,2013,421
1263,history,198,2010,421
1264,math,162,2015,422
1265,ukrainian,142,2020,422
1266,chemistry,192,2017,422
1267,math,173,2022,423
1268,ukrainian,187,2019,423
1269,history,170,2017,423
1270,math,165,2020,424
1271,ukrainian,112,2020,424
1272,english,118,2015,424
1273,math,168,2012,425
1274,ukrainian,200,2023,425
1275,physics,143,2010,425
1276,math,179,2020,426
1277,ukrainian,123,2014,426
1278,history,109,2010,426
1279,math,185,2020,427
1280,ukrainian,104,2016,427
1281,history,154,2011,427
1282,math,153,2018,428
1283,ukrainian,182,2020,428
1284,physics,194,2018,428
1285,math,147,2013,429
1286,ukrainian,177,2016,429
1287,chemistry,192,2021,429
1288,math,104,2014,430
1289,ukrainian,104,2020,430
1290,chemistry,164,2021,430
1291,math,178,2016,431
1292,ukrainian,184,2015,431
1293,physics,102,2023,431
1294,math,182,2010,432
1295,ukrainian,166,2020,432
1296,physics,115,2020,432
1297,math,125,2022,433
1298,ukrainian,113,2023,433
1299,biology,165,2020,433
1300,math,179,2021,434
1301,ukrainian,194,2016,434
1302,chemistry,107,2023,434
1303,math,200,2019,435
1304,ukrainian,151,2012,435
1305,history,109,2015,435
1306,math,121,2018,436
1307,ukrainian,162,2014,436
1308,physics,151,2022,436
1309,math,132,2016,437
1310,ukrainian,200,2012,437
1311,english,181,2013,437
1312,math,175,2013,438
1313,ukrainian,167,2011,438
1314,chemistry,146,2023,438
1315,math,117,2015,439
1316,ukrainian,181,2020,439
1317,english,167,2012,439
1318,math,101,2017,440
1319,ukrainian,163,2010,440
1320,chemistry,132,2011,440
1321,math,102,2021,441
1322,ukrainian,185,2014,441
1323,chemistry,107,2013,441
1324,math,184,2015,442
1325,ukrainian,192,2010,442
1326,english,121,2018,442
1327,math,127,2020,443
1328,ukrainian,109,2021,443
1329,biology,197,2011,443
1330,math,133,2018,444
1331,ukrainian,112,2023,444
1332,physics,195,2015,444
1333,math,193,2011,445
1334,ukrainian,104,2010,445
1335,history,153,2016,445
1336,math,169,2017,446
1337,ukrainian,148,2022,446
1338,english,199,2019,446
1339,math,179,2019,447
1340,ukrainian,146,2019,447
1341,biology,150,2023,447
1342,math,108,2010,448
1343,ukrainian,116,2015,448
1344,geography,129,2020,448
1345,math,146,2015,449
1346,ukrainian,103,2013,449
1347,biology,115,2016,449
1348,math,156,2018,450
1349,ukrainian,136,2018,450
1350,geography,197,2014,450
1351,math,188,2018,451
1352,ukrainian,144,2018,451
1353,chemistry,185,2015,451
1354,math,150,2017,452
1355,ukrainian,127,2011,452
1356,english,163,2023,452
1357,math,161,2017,453
1358,ukrainian,167,2011,453
1359,biology,139,2021,453
1360,math,114,2013,454
1361,ukrainian,164,2021,454
1362,biology,169,2019,454
1363,math,154,2020,455
1364,ukrainian,162,2015,455
1365,history,137,2011,455
1366,math,133,2010,456
1367,ukrainian,154,2016,456
1368,chemistry,179,2013,456
1369,math,166,2014,457
1370,ukrainian,119,2015,457
1371,english,172,2010,457
1372,math,116,2011,458
1373,ukrainian,178,2010,458
1374,chemistry,190,2023,458
1375,math,196,2019,459
1376,ukrainian,168,2014,459
1377,geography,176,2016,459
1378,math,109,2021,460
1379,ukrainian,143,2019,460
1380,history,102,2022,460
1381,math,195,2022,461
1382,ukrainian,168,2023,461
1383,physics,140,2023,461
1384,math,196,2019,462
1385,ukrainian,172,2021,462
1386,geography,110,2015,462
1387,math,108,2023,463
1388,ukrainian,197,2015,463
1389,chemistry,164,2016,463
1390,math,180,2021,464
1391,ukrainian,132,2014,464
1392,history,154,2022,464
1393,math,115,2018,465
1394,ukrainian,161,2012,465
1395,chemistry,175,2017,465
1396,math,144,2018,466
1397,ukrainian,189,2011,466
1398,english,124,2011,466
1399,math,172,2021,467
1400,ukrainian,129,2015,467
1401,history,123,2022,467
1402,math,162,2012,468
1403,ukrainian,101,2011,468
1404,physics,134,2013,468
1405,math,188,2022,469
1406,ukrainian,145,2023,469
1407,chemistry,186,2017,469
1408,math,146,2010,470
1409,ukrainian,129,2022,470
1410,geography,154,2022,470
1411,math,151,2018,471
1412,ukrainian,117,2013,471
1413,english,124,2019,471
1414,math,193,2015,472
1415,ukrainian,108,2012,472
1416,physics,187,2018,472
1417,math,135,2020,473
1418,ukrainian,167,2020,473
1419,chemistry,187,2011,473
1420,math,170,2023,474
1421,ukrainian,144,2014,474
1422,history,167,2014,474
1423,math,126,2017,475
1424,ukrainian,112,2021,475
1425,history,149,2010,475
1426,math,106,2013,476
1427,ukrainian,178,2020,476
1428,english,135,2020,476
1429,math,146,2022,477
1430,ukrainian,150,2014,477
1431,biology,133,2022,477
1432,math,190,2018,478
1433,ukrainian,182,2010,478
1434,history,125,2023,478
1435,math,127,2015,479
1436,ukrainian,128,2015,479
1437,biology,123,2013,479
1438,math,126,2012,480
1439,ukrainian,177,2020,480
1440,geography,118,2018,480
1441,math,125,2020,481
1442,ukrainian,142,2019,481
1443,physics,169,2010,481
1444,math,139,2014,482
1445,ukrainian,169,2020,482
1446,english,105,2014,482
1447,math,141,2017,483
1448,ukrainian,138,2010,483
1449,chemistry,101,2015,483
1450,math,133,2017,484
1451,ukrainian,104,2023,484
1452,physics,126,2011,484
1453,math,122,2021,485
1454,ukrainian,161,2016,485
1455,english,114,2022,485
1456,math,192,2016,486
1457,ukrainian,175,2010,486
1458,geography,111,2011,486
1459,math,118,2019,487
1460,ukrainian,102,2021,487
1461,physics,146,2014,487
1462,math,175,2014,488
1463,ukrainian,198,2018,488
1464,chemistry,102,2019,488
1465,math,160,2019,489
1466,ukrainian,103,2013,489
1467,english,188,2021,489
1468,math,106,2020,490
1469,ukrainian,106,2017,490
1470,physics,172,2020,490
1471,math,156,2013,491
1472,ukrainian,111,2023,491
1473,geography,129,2012,491
1474,math,171,2011,492
1475,ukrainian,184,2023,492
1476,english,174,2019,492
1477,math,115,2015,493
1478,ukrainian,147,2016,493
1479,english,112,2016,493
1480,math,196,2013,494
1481,ukrainian,108,2011,494
1482,physics,190,2015,494
1483,math,126,2016,495
1484,ukrainian,122,2014,495
1485,chemistry,145,2016,495
1486,math,182,2019,496
1487,ukrainian,160,2013,496
1488,english,103,2014,496
1489,math,117,2012,497
1490,ukrainian,130,2015,497
1491,english,144,2019,497
1492,math,158,2017,498
1493,ukrainian,176,2010,498
1494,english,149,2016,498
1495,math,139,2019,499
1496,ukrainian,126,2023,499
1497,geography,161,2021,499
1498,math,181,2021,500
1499,ukrainian,154,2019,500
1500,geography,200,2011,500
1501,math,137,2016,501
1502,ukrainian,158,2020,501
1503,history,169,2016,501
1504,math,164,2011,502
1505,ukrainian,161,2019,502
1506,geography,168,2015,502
1507,math,106,2016,503
1508,ukrainian,178,2022,503
1509,english,186,2019,503
1510,math,170,2018,504
1511,ukrainian,187,2023,504
1512,chemistry,121,2011,504
1513,math,159,2010,505
1514,ukrainian,191,2022,505
1515,physics,178,2017,505
1516,math,141,2014,506
1517,ukrainian,175,2013,506
1518,chemistry,100,2014,506
1519,math,164,2011,507
1520,ukrainian,170,2013,507
1521,geography,106,2012,507
1522,math,115,2020,508
1523,ukrainian,189,2010,508
1524,chemistry,134,2010,508
1525,math,124,2013,509
1526,ukrainian,193,2012,509
1527,english,172,2022,509
1528,math,154,2012,510
1529,ukrainian,172,2018,510
1530,chemistry,141,2022,510
1531,math,121,2023,511
1532,ukrainian,138,2014,511
1533,chemistry,123,2012,511
1534,math,184,2011,512
1535,ukrainian,127,2020,512
1536,physics,161,2018,512
1537,math,142,2015,513
1538,ukrainian,200,2022,513
1539,physics,117,2020,513
1540,math,120,2022,514
1541,ukrainian,179,2022,514
1542,chemistry,186,2021,514
1543,math,185,2021,515
1544,ukrainian,188,2018,515
1545,english,126,2017,515
1546,math,111,2012,516
1547,ukrainian,200,2018,516
1548,physics,152,2020,516
1549,math,120,2015,517
1550,ukrainian,158,2020,517
1551,physics,153,2016,517
1552,math,155,2017,518
1553,ukrainian,116,2014,518
1554,geography,150,2014,518
1555,math,117,2023,519
1556,ukrainian,196,2011,519
1557,physics,144,2017,519
1558,math,170,2012,520
1559,ukrainian,111,2011,520
1560,biology,103,2015,520
1561,math,137,2018,521
1562,ukrainian,190,2016,521
1563,biology,144,2015,521
1564,math,191,2017,522
1565,ukrainian,122,2010,522
1566,history,128,2022,522
1567,math,131,2011,523
1568,ukrainian,102,2012,523
1569,biology,197,2019,523
1570,math,119,2011,524
1571,ukrainian,182,2013,524
1572,biology,136,2012,524
1573,math,172,2018,525
1574,ukrainian,130,2022,525
1575,biology,141,2016,525
1576,math,169,2015,526
1577,ukrainian,128,2011,526
1578,history,149,2018,526
1579,math,190,2023,527
1580,ukrainian,182,2021,527
1581,history,123,2019,527
1582,math,174,2012,528
1583,ukrainian,186,2018,528
1584,history,145,2019,528
1585,math,161,2010,529
1586,ukrainian,135,2021,529
1587,history,148,2023,529
1588,math,184,2022,530
1589,ukrainian,174,2015,530
1590,chemistry,131,2010,530
1591,math,143,2014,531
1592,ukrainian,141,2015,531
1593,history,192,2013,531
1594,math,170,2022,532
1595,ukrainian,193,2016,532
1596,biology,154,2019,532
1597,math,103,2013,533
1598,ukrainian,154,2019,533
1599,history,174,2022,533
1600,math,144,2021,534
1601,ukrainian,144,2015,534
1602,chemistry,106,2021,534
1603,math,129,2013,535
1604,ukrainian,118,2021,535
1605,english,116,2018,535
1606,math,115,2015,536
1607,ukrainian,164,2016,536
1608,chemistry,152,2010,536
1609,math,142,2011,537
1610,ukrainian,165,2023,537
1611,geography,106,2022,537
1612,math,133,2011,538
1613,ukrainian,176,2019,538
1614,physics,181,2018,538
1615,math,186,2015,539
1616,ukrainian,119,2017,539
1617,physics,115,2018,539
1618,math,166,2010,540
1619,ukrainian,166,2013,540
1620,history,147,2013,540
1621,math,150,2021,541
1622,ukrainian,158,2016,541
1623,geography,119,2023,541
1624,math,158,2013,542
1625,ukrainian,157,2018,542
1626,biology,107,2023,542
1627,math,156,2014,543
1628,ukrainian,153,2022,543
1629,history,158,2010,543
1630,math,159,2018,544
1631,ukrainian,163,2023,544
1632,physics,159,2016,544
1633,math,165,2013,545
1634,ukrainian,184,2019,545
1635,biology,162,2010,545
1636,math,125,2011,546
1637,ukrainian,167,2014,546
1638,history,132,2018,546
1639,math,183,2011,547
1640,ukrainian,162,2016,547
1641,geography,106,2013,547
1642,math,191,2020,548
1643,ukrainian,122,2013,548
1644,chemistry,153,2020,548
1645,math,130,2019,549
1646,ukrainian,110,2013,549
1647,physics,176,2023,549
1648,math,137,2022,550
1649,ukrainian,160,2015,550
1650,chemistry,130,2020,550
1651,math,130,2017,551
1652,ukrainian,124,2021,551
1653,physics,138,2018,551
1654,math,143,2019,552
1655,ukrainian,166,2020,552
1656,history,112,2014,552
1657,math,193,2019,553
1658,ukrainian,193,2015,553
1659,english,148,2010,553
1660,math,181,2023,554
1661,ukrainian,128,2014,554
1662,history,131,2012,554
1663,math,186,2022,555
1664,ukrainian,154,2012,555
1665,chemistry,199,2011,555
1666,math,151,2019,556
1667,ukrainian,190,2021,556
1668,chemistry,157,2016,556
1669,math,109,2019,557
1670,ukrainian,103,2017,557
1671,biology,168,2020,557
1672,math,156,2020,558
1673,ukrainian,191,2018,558
1674,chemistry,189,2023,558
1675,math,195,2017,559
1676,ukrainian,172,2015,559
1677,history,183,2012,559
1678,math,157,2019,560
1679,ukrainian,178,2020,560
1680,english,178,2014,560
1681,math,172,2016,561
1682,ukrainian,116,2021,561
1683,geography,139,2022,561
1684,math,193,2019,562
1685,ukrainian,148,2010,562
1686,physics,126,2015,562
1687,math,125,2023,563
1688,ukrainian,147,2014,563
1689,geography,106,2011,563
1690,math,191,2016,564
1691,ukrainian,152,2023,564
1692,physics,169,2018,564
1693,math,162,2023,565
1694,ukrainian,167,2019,565
1695,english,186,2016,565
1696,math,154,2011,566
1697,ukrainian,180,2018,566
1698,english,200,2020,566
1699,math,154,2013,567
1700,ukrainian,143,2010,567
1701,english,165,2023,567
1702,math,137,2012,568
1703,ukrainian,109,2022,568
1704,chemistry,142,2012,568
1705,math,117,2010,569
1706,ukrainian,196,2019,569
1707,history,145,2014,569
1708,math,152,2016,570
1709,ukrainian,159,2018,570
1710,chemistry,176,2010,570
1711,math,141,2017,571
1712,ukrainian,153,2018,571
1713,geography,149,2013,571
1714,math,128,2017,572
1715,ukrainian,190,2017,572
1716,geography,130,2021,572
1717,math,195,2011,573
1718,ukrainian,189,2011,573
1719,english,165,2017,573
1720,math,174,2010,574
1721,ukrainian,123,2023,574
1722,history,119,2022,574
1723,math,151,2012,575
1724,ukrainian,168,2015,575
1725,history,193,2012,575
1726,math,101,2019,576
1727,ukrainian,192,2018,576
1728,chemistry,172,2017,576
1729,math,197,2021,577
1730,ukrainian,172,2023,577
1731,english,157,2020,577
1732,math,114,2019,578
1733,ukrainian,187,2013,578
1734,geography,146,2016,578
1735,math,114,2023,579
1736,ukrainian,122,2015,579
1737,history,193,2014,579
1738,math,120,2020,580
1739,ukrainian,175,2013,580
1740,geography,167,2012,580
1741,math,105,2019,581
1742,ukrainian,172,2023,581
1743,physics,121,2021,581
1744,math,173,2019,582
1745,ukrainian,102,2021,582
1746,biology,108,2020,582
1747,math,162,2017,583
1748,ukrainian,123,2011,583
1749,english,152,2012,583
1750,math,152,2022,584
1751,ukrainian,171,2021,584
1752,biology,159,2020,584
1753,math,197,2018,585
1754,ukrainian,186,2022,585
1755,geography,184,2022,585
1756,math,158,2017,586
1757,ukrainian,149,2014,586
1758,history,172,2018,586
1759,math,183,2018,587
1760,ukrainian,131,2011,587
1761,physics,188,2018,587
1762,math,134,2015,588
1763,ukrainian,175,2018,588
1764,biology,174,2023,588
1765,math,116,2019,589
1766,ukrainian,144,2010,589
1767,geography,130,2018,589
1768,math,193,2022,590
1769,ukrainian,149,2014,590
1770,chemistry,154,2021,590
1771,math,134,2012,591
1772,ukrainian,173,2011,591
1773,biology,117,2010,591
1774,math,103,2012,592
1775,ukrainian,108,2015,592
1776,history,144,2011,592
1777,math,110,2016,593
1778,ukrainian,172,2022,593
1779,biology,137,2011,593
1780,math,128,2021,594
1781,ukrainian,168,2014,594
1782,history,153,2023,594
1783,math,122,2022,595
1784,ukrainian,169,2020,595
1785,english,194,2012,595
1786,math,140,2010,596
1787,ukrainian,130,2022,596
1788,history,145,2018,596
1789,math,146,2019,597
1790,ukrainian,158,2015,597
1791,physics,111,2022,597
1792,math,190,2012,598
1793,ukrainian,171,2010,598
1794,physics,113,2020,598
1795,math,133,2010,599
1796,ukrainian,174,2020,599
1797,geography,200,2015,599
1798,math,106,2010,600
1799,ukrainian,113,2018,600
1800,english,197,2011,600
1801,math,101,2016,601
1802,ukrainian,120,2011,601
1803,chemistry,138,2017,601
1804,math,100,2013,602
1805,ukrainian,185,2022,602
1806,biology,189,2021,602
1807,math,129,2011,603
1808,ukrainian,105,2017,603
1809,history,150,2018,603
1810,math,172,2023,604
1811,ukrainian,191,2022,604
1812,chemistry,182,2017,604
1813,math,115,2010,605
1814,ukrainian,126,2011,605
1815,biology,160,2019,605
1816,math,134,2018,606
1817,ukrainian,103,2021,606
1818,physics,190,2016,606
1819,math,100,2013,607
1820,ukrainian,112,2019,607
1821,biology,156,2013,607
1822,math,198,2013,608
1823,ukrainian,129,2014,608
1824,geography,169,2011,608
1825,math,162,2022,609
1826,ukrainian,182,2016,609
1827,history,117,2017,609
1828,math,104,2010,610
1829,ukrainian,144,2019,610
1830,history,113,2020,610
1831,math,194,2023,611
1832,ukrainian,155,2013,611
1833,chemistry,127,2017,611
1834,math,192,2020,612
1835,ukrainian,174,2018,612
1836,physics,197,2013,612
1837,math,189,2018,613
1838,ukrainian,178,2021,613
1839,geography,158,2012,613
1840,math,188,2010,614
1841,ukrainian,108,2022,614
1842,english,146,2020,614
1843,math,162,2019,615
1844,ukrainian,200,2017,615
1845,geography,133,2014,615
1846,math,193,2014,616
1847,ukrainian,172,2012,616
1848,physics,181,2021,616
1849,math,186,2014,617
1850,ukrainian,167,2018,617
1851,english,122,2019,617
1852,math,111,2013,618
1853,ukrainian,101,2016,618
1854,geography,149,2018,618
1855,math,159,2019,619
1856,ukrainian,126,2016,619
1857,english,138,2014,619
1858,math,161,2015,620
1859,ukrainian,102,2019,620
1860,english,155,2010,620
1861,math,194,2016,621
1862,ukrainian,163,2018,621
1863,biology,167,2020,621
1864,math,105,2011,622
1865,ukrainian,147,2020,622
1866,physics,105,2014,622
1867,math,101,2021,623
1868,ukrainian,103,2019,623
1869,english,103,2021,623
1870,math,196,2021,624
1871,ukrainian,158,2010,624
1872,geography,128,2019,624
1873,math,103,2013,625
1874,ukrainian,190,2022,625
1875,history,118,2021,625
1876,math,139,2021,626
1877,ukrainian,170,2010,626
1878,physics,170,2022,626
1879,math,109,2010,627
1880,ukrainian,180,2022,627
1881,physics,166,2014,627
1882,math,129,2017,628
1883,ukrainian,116,2019,628
1884,biology,126,2012,628
1885,math,146,2021,629
1886,ukrainian,102,2016,629
1887,history,110,2023,629
1888,math,108,2012,630
1889,ukrainian,152,2021,630
1890,geography,168,2014,630
1891,math,170,2010,631
1892,ukrainian,107,2013,631
1893,biology,198,2011,631
1894,math,114,2012,632
1895,ukrainian,142,2010,632
1896,english,188,2010,632
1897,math,159,2020,633
1898,ukrainian,151,2022,633
1899,chemistry,134,2010,633
1900,math,132,2016,634
1901,ukrainian,190,2015,634
1902,english,173,2013,634
1903,math,199,2015,635
1904,ukrainian,110,2023,635
1905,physics,161,2018,635
1906,math,184,2016,636
1907,ukrainian,177,2014,636
1908,biology,124,2011,636
1909,math,106,2016,637
1910,ukrainian,193,2017,637
1911,history,122,2023,637
1912,math,115,2019,638
1913,ukrainian,146,2013,638
1914,geography,163,2013,638
1915,math,115,2014,639
1916,ukrainian,122,2014,639
1917,chemistry,149,2017,639
1918,math,196,2023,640
1919,ukrainian,107,2010,640
1920,history,171,2023,640
1921,math,162,2019,641
1922,ukrainian,145,2019,641
1923,biology,146,2015,641
1924,math,192,2021,642
1925,ukrainian,144,2015,642
1926,biology,181,2019,642
1927,math,153,2016,643
1928,ukrainian,114,2023,643
1929,history,167,2012,643
1930,math,131,2017,644
1931,ukrainian,119,2011,644
1932,biology,151,2016,644
1933,math,100,2023,645
1934,ukrainian,180,2021,645
1935,history,140,2022,645
1936,math,130,2021,646
1937,ukrainian,150,2012,646
1938,chemistry,175,2020,646
1939,math,180,2013,647
1940,ukrainian,146,2022,647
1941,chemistry,191,2019,647
1942,math,190,2010,648
1943,ukrainian,138,2016,648
1944,geography,163,2019,648
1945,math,194,2019,649
1946,ukrainian,190,2015,649
1947,chemistry,122,2023,649
1948,math,138,2019,650
1949,ukrainian,184,2016,650
1950,physics,150,2018,650
1951,math,173,2019,651
1952,ukrainian,142,2014,651
1953,history,134,2018,651
1954,math,163,2020,652
1955,ukrainian,129,2023,652
1956,geography,150,2012,652
1957,math,174,2012,653
1958,ukrainian,160,2018,653
1959,physics,189,2020,653
1960,math,111,2021,654
1961,ukrainian,192,2021,654
1962,chemistry,110,2021,654
1963,math,158,2023,655
1964,ukrainian,164,2019,655
1965,english,198,2010,655
1966,math,152,2019,656
1967,ukrainian,138,2021,656
1968,physics,101,2021,656
1969,math,183,2023,657
1970,ukrainian,199,2017,657
1971,chemistry,133,2016,657
1972,math,142,2020,658
1973,ukrainian,103,2022,658
1974,history,108,2013,658
1975,math,171,2020,659
1976,ukrainian,149,2014,659
1977,history,105,2012,659
1978,math,100,2014,660
1979,ukrainian,172,2015,660
1980,physics,112,2022,660
1981,math,168,2020,661
1982,ukrainian,133,2018,661
1983,chemistry,138,2014,661
1984,math,156,2017,662
1985,ukrainian,127,2011,662
1986,english,145,2010,662
1987,math,153,2019,663
1988,ukrainian,110,2021,663
1989,history,158,2013,663
1990,math,121,2020,664
1991,ukrainian,176,2022,664
1992,geography,192,2019,664
1993,math,106,2022,665
1994,ukrainian,171,2023,665
1995,english,175,2019,665
1996,math,166,2022,666
1997,ukrainian,154,2021,666
1998,english,144,2022,666
1999,math,192,2016,667
2000,ukrainian,165,2011,667
2001,history,173,2020,667
2002,math,166,2018,668
2003,ukrainian,186,2010,668
2004,biology,196,2018,668
2005,math,198,2015,669
2006,ukrainian,133,2019,669
2007,history,112,2011,669
2008,math,173,2015,670
2009,ukrainian,188,2018,670
2010,geography,197,2017,670
2011,math,190,2022,671
2012,ukrainian,111,2010,671
2013,history,166,2012,671
2014,math,129,2018,672
2015,ukrainian,161,2016,672
2016,physics,146,2023,672
2017,math,184,2014,673
2018,ukrainian,180,2021,673
2019,english,181,2014,673
2020,math,191,2014,674
2021,ukrainian,157,2014,674
2022,history,139,2021,674
2023,math,186,2020,675
2024,ukrainian,149,2011,675
2025,biology,102,2022,675
2026,math,188,2021,676
2027,ukrainian,143,2020,676
2028,history,109,2011,676
2029,math,155,2013,677
2030,ukrainian,162,2019,677
2031,physics,190,2016,677
2032,math,114,2023,678
2033,ukrainian,175,2023,678
2034,geography,133,2023,678
2035,math,178,2018,679
2036,ukrainian,123,2018,679
2037,biology,179,2013,679
2038,math,113,2015,680
2039,ukrainian,106,2013,680
2040,geography,130,2023,680
2041,math,111,2022,681
2042,ukrainian,166,2014,681
2043,english,169,2013,681
2044,math,134,2021,682
2045,ukrainian,127,2020,682
2046,english,107,2014,682
2047,math,190,2020,683
2048,ukrainian,133,2023,683
2049,biology,121,2021,683
2050,math,178,2013,684
2051,ukrainian,137,2011,684
2052,physics,137,2010,684
2053,math,107,2010,685
2054,ukrainian,133,2016,685
2055,history,194,2015,685
2056,math,144,2020,686
2057,ukrainian,118,2018,686
2058,geography,174,2021,686
2059,math,134,2022,687
2060,ukrainian,196,2014,687
2061,biology,188,2016,687
2062,math,187,2021,688
2063,ukrainian,121,2015,688
2064,history,143,2014,688
2065,math,116,2015,689
2066,ukrainian,174,2014,689
2067,geography,156,2018,689
2068,math,107,2010,690
2069,ukrainian,131,2016,690
2070,history,120,2018,690
2071,math,128,2021,691
2072,ukrainian,199,2011,691
2073,chemistry,187,2015,691
2074,math,176,2013,692
2075,ukrainian,101,2010,692
2076,biology,157,2018,692
2077,math,156,2022,693
2078,ukrainian,154,2021,693
2079,geography,129,2023,693
2080,math,198,2011,694
2081,ukrainian,117,2011,694
2082,geography,115,2017,694
2083,math,124,2014,695
2084,ukrainian,119,2016,695
2085,english,164,2014,695
2086,math,187,2015,696
2087,ukrainian,143,2013,696
2088,geography,137,2020,696
2089,math,195,2019,697
2090,ukrainian,102,2020,697
2091,chemistry,125,2021,697
2092,math,155,2016,698
2093,ukrainian,196,2014,698
2094,chemistry,188,2023,698
2095,math,190,2010,699
2096,ukrainian,152,2020,699
2097,chemistry,169,2023,699
2098,math,161,2019,700
2099,ukrainian,124,2019,700
2100,english,187,2014,700
2101,math,148,2020,701
2102,ukrainian,155,2016,701
2103,geography,163,2010,701
2104,math,179,2013,702
2105,ukrainian,150,2012,702
2106,biology,151,2023,702
2107,math,107,2023,703
2108,ukrainian,176,2010,703
2109,geography,120,2012,703
2110,math,145,2012,704
2111,ukrainian,105,2012,704
2112,physics,112,2019,704
2113,math,173,2011,705
2114,ukrainian,187,2010,705
2115,geography,123,2010,705
2116,math,194,2020,706
2117,ukrainian,179,2012,706
2118,physics,175,2015,706
2119,math,187,2012,707
2120,ukrainian,154,2019,707
2121,english,122,2011,707
2122,math,112,2012,708
2123,ukrainian,148,2010,708
2124,chemistry,102,2013,708
2125,math,139,2021,709
2126,ukrainian,199,2011,709
2127,chemistry,147,2020,709
2128,math,135,2016,710
2129,ukrainian,123,2021,710
2130,geography,121,2016,710
2131,math,130,2014,711
2132,ukrainian,180,2015,711
2133,physics,112,2014,711
2134,math,146,2023,712
2135,ukrainian,106,2022,712
2136,english,101,2014,712
2137,math,104,2017,713
2138,ukrainian,143,2011,713
2139,english,195,2016,713
2140,math,159,2020,714
2141,ukrainian,139,2018,714
2142,geography,156,2020,714
2143,math,187,2011,715
2144,ukrainian,151,2016,715
2145,chemistry,101,2013,715
2146,math,100,2018,716
2147,ukrainian,136,2015,716
2148,chemistry,164,2016,716
2149,math,155,2020,717
2150,ukrainian,130,2022,717
2151,biology,137,2019,717
2152,math,118,2014,718
2153,ukrainian,148,2018,718
2154,english,144,2020,718
2155,math,168,2019,719
2156,ukrainian,185,2011,719
2157,biology,150,2019,719
2158,math,144,2010,720
2159,ukrainian,196,2020,720
2160,history,145,2022,720
2161,math,185,2012,721
2162,ukrainian,165,2022,721
2163,physics,141,2019,721
2164,math,119,2017,722
2165,ukrainian,147,2023,722
2166,geography,149,2010,722
2167,math,165,2023,723
2168,ukrainian,154,2017,723
2169,english,186,2019,723
2170,math,103,2019,724
2171,ukrainian,141,2019,724
2172,chemistry,184,2015,724
2173,math,182,2015,725
2174,ukrainian,136,2021,725
2175,english,178,2010,725
2176,math,184,2018,726
2177,ukrainian,101,2022,726
2178,biology,105,2010,726
2179,math,126,2011,727
2180,ukrainian,184,2019,727
2181,geography,126,2022,727
2182,math,120,2022,728
2183,ukrainian,148,2019,728
2184,biology,158,2020,728
2185,math,182,2013,729
2186,ukrainian,197,2010,729
2187,physics,119,2014,729
2188,math,158,2018,730
2189,ukrainian,192,2017,730
2190,biology,178,2021,730
2191,math,111,2022,731
2192,ukrainian,145,2011,731
2193,chemistry,114,2021,731
2194,math,105,2023,732
2195,ukrainian,127,2014,732
2196,geography,154,2013,732
2197,math,197,2013,733
2198,ukrainian,119,2021,733
2199,biology,195,2020,733
2200,math,125,2013,734
2201,ukrainian,185,2011,734
2202,physics,149,2015,734
2203,math,145,2011,735
2204,ukrainian,157,2012,735
2205,chemistry,200,2010,735
2206,math,168,2021,736
2207,ukrainian,137,2013,736
2208,physics,104,2023,736
2209,math,137,2013,737
2210,ukrainian,197,2014,737
2211,chemistry,109,2013,737
2212,math,112,2017,738
2213,ukrainian,179,2018,738
2214,geography,142,2019,738
2215,math,119,2010,739
2216,ukrainian,168,2015,739
2217,physics,140,2015,739
2218,math,167,2019,740
2219,ukrainian,146,2011,740
2220,chemistry,200,2019,740
2221,math,162,2022,741
2222,ukrainian,108,2014,741
2223,history,108,2017,741
2224,math,177,2010,742
2225,ukrainian,151,2019,742
2226,english,158,2019,742
2227,math,174,2010,743
2228,ukrainian,197,2014,743
2229,biology,150,2012,743
2230,math,135,2015,744
2231,ukrainian,138,2010,744
2232,chemistry,129,2010,744
2233,math,189,2014,745
2234,ukrainian,150,2011,745
2235,chemistry,192,2016,745
2236,math,147,2010,746
2237,ukrainian,102,2012,746
2238,geography,170,2011,746
2239,math,117,2018,747
2240,ukrainian,130,2021,747
2241,biology,180,2022,747
2242,math,102,2018,748
2243,ukrainian,187,2017,748
2244,physics,176,2012,748
2245,math,118,2022,749
2246,ukrainian,133,2021,749
2247,chemistry,183,2020,749
2248,math,140,2014,750
2249,ukrainian,171,2021,750
2250,physics,156,2017,750
2251,math,178,2023,751
2252,ukrainian,151,2021,751
2253,chemistry,186,2021,751
2254,math,105,2020,752
2255,ukrainian,124,2015,752
2256,english,121,2021,752
2257,math,139,2019,753
2258,ukrainian,135,2021,753
2259,geography,136,2017,753
2260,math,117,2022,754
2261,ukrainian,112,2019,754
2262,english,110,2010,754
2263,math,147,2013,755
2264,ukrainian,159,2010,755
2265,english,121,2014,755
2266,math,151,2015,756
2267,ukrainian,180,2012,756
2268,physics,112,2014,756
2269,math,193,2019,757
2270,ukrainian,193,2016,757
2271,chemistry,123,2012,757
2272,math,152,2017,758
2273,ukrainian,115,2019,758
2274,geography,178,2015,758
2275,math,138,2010,759
2276,ukrainian,128,2021,759
2277,english,147,2016,759
2278,math,104,2019,760
2279,ukrainian,117,2018,760
2280,physics,126,2017,760
2281,math,119,2015,761
2282,ukrainian,156,2012,761
2283,physics,102,2021,761
2284,math,146,2015,762
2285,ukrainian,197,2014,762
2286,history,147,2018,762
2287,math,154,2011,763
2288,ukrainian,179,2019,763
2289,history,144,2018,763
2290,math,187,2022,764
2291,ukrainian,127,2014,764
2292,english,130,2010,764
2293,math,189,2018,765
2294,ukrainian,130,2017,765
2295,chemistry,106,2020,765
2296,math,195,2018,766
2297,ukrainian,157,2023,766
2298,english,198,2012,766
2299,math,110,2016,767
2300,ukrainian,150,2012,767
2301,geography,200,2013,767
2302,math,172,2020,768
2303,ukrainian,190,2018,768
2304,biology,121,2014,768
2305,math,147,2020,769
2306,ukrainian,129,2014,769
2307,english,186,2021,769
2308,math,160,2012,770
2309,ukrainian,120,2019,770
2310,english,100,2023,770
2311,math,172,2010,771
2312,ukrainian,122,2017,771
2313,biology,190,2020,771
2314,math,117,2018,772
2315,ukrainian,121,2018,772
2316,english,172,2017,772
2317,math,106,2012,773
2318,ukrainian,131,2010,773
2319,english,180,2020,773
2320,math,193,2020,774
2321,ukrainian,181,2012,774
2322,history,195,2014,774
2323,math,101,2016,775
2324,ukrainian,177,2011,775
2325,chemistry,115,2019,775
2326,math,131,2018,776
2327,ukrainian,119,2015,776
2328,geography,128,2018,776
2329,math,127,2020,777
2330,ukrainian,107,2011,777
2331,physics,140,2023,777
2332,math,170,2022,778
2333,ukrainian,102,2023,778
2334,english,188,2012,778
2335,math,124,2015,779
2336,ukrainian,126,2020,779
2337,physics,150,2017,779
2338,math,104,2020,780
2339,ukrainian,129,2018,780
2340,biology,160,2021,780
2341,math,164,2012,781
2342,ukrainian,139,2011,781
2343,geography,138,2013,781
2344,math,200,2021,782
2345,ukrainian,186,2017,782
2346,physics,190,2020,782
2347,math,120,2016,783
2348,ukrainian,200,2014,783
2349,geography,181,2019,783
2350,math,106,2018,784
2351,ukrainian,109,2016,784
2352,history,127,2020,784
2353,math,111,2018,785
2354,ukrainian,199,2015,785
2355,geography,122,2019,785
2356,math,187,2014,786
2357,ukrainian,136,2016,786
2358,geography,175,2010,786
2359,math,134,2012,787
2360,ukrainian,149,2014,787
2361,biology,164,2015,787
2362,math,172,2015,788
2363,ukrainian,181,2015,788
2364,biology,132,2017,788
2365,math,142,2015,789
2366,ukrainian,179,2012,789
2367,english,142,2017,789
2368,math,110,2017,790
2369,ukrainian,135,2012,790
2370,history,195,2017,790
2371,math,152,2015,791
2372,ukrainian,183,2017,791
2373,history,109,2013,791
2374,math,117,2010,792
2375,ukrainian,122,2014,792
2376,history,162,2016,792
2377,math,189,2019,793
2378,ukrainian,187,2016,793
2379,chemistry,142,2015,793
2380,math,131,2017,794
2381,ukrainian,111,2018,794
2382,biology,199,2013,794
2383,math,115,2022,795
2384,ukrainian,188,2019,795
2385,biology,137,2013,795
2386,math,114,2010,796
2387,ukrainian,151,2022,796
2388,geography,155,2017,796
2389,math,196,2023,797
2390,ukrainian,157,2021,797
2391,physics,106,2017,797
2392,math,128,2023,798
2393,ukrainian,126,2012,798
2394,physics,194,2021,798
2395,math,178,2017,799
2396,ukrainian,110,2023,799
2397,biology,113,2018,799
2398,math,139,2023,800
2399,ukrainian,140,2013,800
2400,chemistry,108,2013,800
2401,math,127,2023,801
2402,ukrainian,164,2019,801
2403,english,115,2014,801
2404,math,160,2018,802
2405,ukrainian,135,2011,802
2406,physics,112,2020,802
2407,math,105,2015,803
2408,ukrainian,118,2023,803
2409,english,153,2017,803
2410,math,111,2017,804
2411,ukrainian,166,2015,804
2412,english,175,2022,804
2413,math,182,2011,805
2414,ukrainian,140,2010,805
2415,english,140,2020,805
2416,math,164,2011,806
2417,ukrainian,131,2023,806
2418,history,152,2019,806
2419,math,115,2012,807
2420,ukrainian,142,2017,807
2421,geography,105,2012,807
2422,math,163,2014,808
2423,ukrainian,101,2022,808
2424,english,157,2022,808
2425,math,102,2022,809
2426,ukrainian,138,2011,809
2427,biology,127,2013,809
2428,math,186,2019,810
2429,ukrainian,160,2015,810
2430,history,120,2015,810
2431,math,180,2023,811
2432,ukrainian,183,2020,811
2433,history,127,2020,811
2434,math,184,2019,812
2435,ukrainian,190,2019,812
2436,chemistry,141,2011,812
2437,math,162,2013,813
2438,ukrainian,130,2023,813
2439,biology,182,2014,813
2440,math,179,2011,814
2441,ukrainian,104,2016,814
2442,history,159,2020,814
2443,math,162,2016,815
2444,ukrainian,102,2018,815
2445,history,105,2023,815
2446,math,172,2020,816
2447,ukrainian,160,2020,816
2448,biology,108,2016,816
2449,math,108,2014,817
2450,ukrainian,135,2012,817
2451,chemistry,104,2021,817
2452,math,187,2020,818
2453,ukrainian,170,2012,818
2454,chemistry,178,2012,818
2455,math,197,2012,819
2456,ukrainian,180,2023,819
2457,biology,130,2016,819
2458,math,145,2017,820
2459,ukrainian,178,2012,820
2460,english,148,2015,820
2461,math,127,2018,821
2462,ukrainian,148,2021,821
2463,geography,146,2016,821
2464,math,168,2023,822
2465,ukrainian,151,2016,822
2466,biology,150,2018,822
2467,math,133,2019,823
2468,ukrainian,111,2016,823
2469,english,130,2019,823
2470,math,182,2023,824
2471,ukrainian,175,2011,824
2472,biology,134,2015,824
2473,math,163,2013,825
2474,ukrainian,167,2011,825
2475,history,130,2012,825
2476,math,199,2018,826
2477,ukrainian,142,2018,826
2478,biology,116,2017,826
2479,math,161,2019,827
2480,ukrainian,179,2016,827
2481,english,146,2016,827
2482,math,190,2012,828
2483,ukrainian,107,2012,828
2484,biology,128,2011,828
2485,math,180,2023,829
2486,ukrainian,184,2013,829
2487,chemistry,144,2012,829
2488,math,196,2020,830
2489,ukrainian,171,2022,830
2490,physics,141,2015,830
2491,math,116,2019,831
2492,ukrainian,200,2018,831
2493,history,166,2012,831
2494,math,186,2010,832
2495,ukrainian,174,2011,832
2496,physics,177,2011,832
2497,math,122,2010,833
2498,ukrainian,186,2016,833
2499,chemistry,142,2022,833
2500,math,111,2015,834
2501,ukrainian,116,2014,834
2502,history,119,2013,834
2503,math,128,2015,835
2504,ukrainian,129,2017,835
2505,geography,138,2020,835
2506,math,183,2013,836
2507,ukrainian,145,2010,836
2508,chemistry,181,2021,836
2509,math,197,2015,837
2510,ukrainian,199,2022,837
2511,history,125,2011,837
2512,math,155,2010,838
2513,ukrainian,113,2019,838
2514,physics,147,2018,838
2515,math,136,2011,839
2516,ukrainian,142,2014,839
2517,history,195,2022,839
2518,math,160,2014,840
2519,ukrainian,185,2013,840
2520,history,151,2023,840
2521,math,103,2018,841
2522,ukrainian,192,2011,841
2523,chemistry,156,2021,841
2524,math,161,2015,842
2525,ukrainian,197,2018,842
2526,chemistry,109,2016,842
2527,math,120,2012,843
2528,ukrainian,187,2010,843
2529,biology,151,2017,843
2530,math,127,2018,844
2531,ukrainian,114,2015,844
2532,english,167,2011,844
2533,math,150,2013,845
2534,ukrainian,126,2019,845
2535,english,130,2014,845
2536,math,135,2016,846
2537,ukrainian,130,2022,846
2538,chemistry,153,2018,846
2539,math,102,2023,847
2540,ukrainian,177,2013,847
2541,geography,132,2015,847
2542,math,166,2021,848
2543,ukrainian,122,2013,848
2544,history,150,2010,848
2545,math,189,2014,849
2546,ukrainian,154,2020,849
2547,chemistry,189,2020,849
2548,math,137,2022,850
2549,ukrainian,189,2010,850
2550,english,155,2019,850
2551,math,134,2016,851
2552,ukrainian,158,2021,851
2553,english,141,2012,851
2554,math,195,2013,852
2555,ukrainian,158,2010,852
2556,english,140,2016,852
2557,math,169,2021,853
2558,ukrainian,105,2016,853
2559,history,114,2013,853
2560,math,114,2016,854
2561,ukrainian,151,2018,854
2562,geography,142,2018,854
2563,math,181,2011,855
2564,ukrainian,199,2010,855
2565,biology,185,2021,855
2566,math,131,2020,856
2567,ukrainian,113,2014,856
2568,english,183,2010,856
2569,math,184,2012,857
2570,ukrainian,184,2020,857
2571,english,136,2022,857
2572,math,114,2011,858
2573,ukrainian,179,2016,858
2574,geography,161,2014,858
2575,math,147,2015,859
2576,ukrainian,109,2014,859
2577,physics,173,2013,859
2578,math,171,2012,860
2579,ukrainian,152,2017,860
2580,biology,163,2017,860
2581,math,120,2015,861
2582,ukrainian,111,2022,861
2583,geography,174,2015,861
2584,math,150,2012,862
2585,ukrainian,114,2014,862
2586,geography,124,2019,862
2587,math,106,2013,863
2588,ukrainian,193,2022,863
2589,biology,188,2018,863
2590,math,151,2011,864
2591,ukrainian,171,2016,864
2592,history,163,2016,864
2593,math,198,2015,865
2594,ukrainian,118,2021,865
2595,biology,142,2021,865
2596,math,105,2019,866
2597,ukrainian,142,2011,866
2598,history,152,2012,866
2599,math,107,2019,867
2600,ukrainian,103,2023,867
2601,physics,125,2023,867
2602,math,150,2013,868
2603,ukrainian,169,2017,868
2604,chemistry,142,2023,868
2605,math,181,2011,869
2606,ukrainian,143,2017,869
2607,geography,117,2021,869
2608,math,188,2012,870
2609,ukrainian,186,2010,870
2610,english,166,2022,870
2611,math,137,2021,871
2612,ukrainian,124,2019,871
2613,english,166,2019,871
2614,math,142,2016,872
2615,ukrainian,196,2014,872
2616,biology,157,2011,872
2617,math,158,2016,873
2618,ukrainian,139,2015,873
2619,english,161,2017,873
2620,math,141,2015,874
2621,ukrainian,193,2011,874
2622,history,129,2021,874
2623,math,124,2018,875
2624,ukrainian,122,2017,875
2625,physics,153,2011,875
2626,math,196,2023,876
2627,ukrainian,109,2013,876
2628,biology,120,2021,876
2629,math,161,2014,877
2630,ukrainian,125,2014,877
2631,english,117,2014,877
2632,math,159,2014,878
2633,ukrainian,142,2015,878
2634,english,117,2013,878
2635,math,106,2022,879
2636,ukrainian,197,2022,879
2637,biology,141,2014,879
2638,math,109,2014,880
2639,ukrainian,152,2020,880
2640,physics,142,2016,880
2641,math,179,2013,881
2642,ukrainian,162,2021,881
2643,physics,172,2021,881
2644,math,112,2016,882
2645,ukrainian,107,2021,882
2646,physics,163,2014,882
2647,math,148,2019,883
2648,ukrainian,102,2013,883
2649,geography,115,2023,883
2650,math,187,2014,884
2651,ukrainian,107,2013,884
2652,history,114,2016,884
2653,math,130,2022,885
2654,ukrainian,162,2011,885
2655,physics,103,2017,885
2656,math,132,2015,886
2657,ukrainian,175,2011,886
2658,history,200,2018,886
2659,math,194,2018,887
2660,ukrainian,157,2011,887
2661,biology,178,2014,887
2662,math,130,2019,888
2663,ukrainian,123,2022,888
2664,chemistry,168,2015,888
2665,math,187,2010,889
2666,ukrainian,117,2022,889
2667,biology,200,2016,889
2668,math,189,2014,890
2669,ukrainian,123,2014,890
2670,history,168,2016,890
2671,math,152,2021,891
2672,ukrainian,179,2010,891
2673,english,191,2011,891
2674,math,163,2013,892
2675,ukrainian,166,2010,892
2676,biology,102,2022,892
2677,math,110,2016,893
2678,ukrainian,126,2010,893
2679,english,197,2021,893
2680,math,146,2018,894
2681,ukrainian,177,2011,894
2682,geography,186,2018,894
2683,math,124,2013,895
2684,ukrainian,110,2023,895
2685,history,156,2021,895
2686,math,174,2020,896
2687,ukrainian,161,2019,896
2688,biology,181,2022,896
2689,math,103,2017,897
2690,ukrainian,122,2013,897
2691,chemistry,122,2011,897
2692,math,169,2013,898
2693,ukrainian,140,2018,898
2694,physics,195,2012,898
2695,math,170,2014,899
2696,ukrainian,185,2014,899
2697,geography,158,2019,899
2698,math,170,2011,900
2699,ukrainian,175,2011,900
2700,chemistry,101,2015,900
2701,math,119,2022,901
2702,ukrainian,154,2019,901
2703,physics,146,2011,901
2704,math,118,2019,902
2705,ukrainian,189,2017,902
2706,history,150,2019,902
2707,math,165,2018,903
2708,ukrainian,168,2012,903
2709,physics,184,2023,903
2710,math,105,2015,904
2711,ukrainian,198,2013,904
2712,biology,193,2019,904
2713,math,138,2018,905
2714,ukrainian,108,2016,905
2715,physics,144,2019,905
2716,math,154,2011,906
2717,ukrainian,190,2017,906
2718,physics,165,2013,906
2719,math,115,2023,907
2720,ukrainian,159,2011,907
2721,chemistry,189,2010,907
2722,math,103,2021,908
2723,ukrainian,160,2015,908
2724,english,191,2012,908
2725,math,178,2016,909
2726,ukrainian,104,2012,909
2727,chemistry,157,2022,909
2728,math,155,2021,910
2729,ukrainian,101,2018,910
2730,physics,159,2012,910
2731,math,107,2017,911
2732,ukrainian,164,2023,911
2733,chemistry,150,2014,911
2734,math,127,2020,912
2735,ukrainian,113,2013,912
2736,physics,184,2010,912
2737,math,111,2019,913
2738,ukrainian,152,2014,913
2739,geography,162,2015,913
2740,math,126,2021,914
2741,ukrainian,163,2011,914
2742,chemistry,173,2014,914
2743,math,101,2019,915
2744,ukrainian,180,2016,915
2745,english,127,2022,915
2746,math,194,2022,916
2747,ukrainian,195,2015,916
2748,english,136,2017,916
2749,math,147,2018,917
2750,ukrainian,129,2022,917
2751,geography,129,2015,917
2752,math,194,2016,918
2753,ukrainian,153,2021,918
2754,history,106,2019,918
2755,math,160,2016,919
2756,ukrainian,156,2021,919
2757,history,194,2018,919
2758,math,180,2019,920
2759,ukrainian,196,2021,920
2760,physics,113,2013,920
2761,math,100,2016,921
2762,ukrainian,169,2013,921
2763,history,177,2022,921
2764,math,128,2013,922
2765,ukrainian,192,2012,922
2766,biology,180,2022,922
2767,math,195,2022,923
2768,ukrainian,175,2020,923
2769,geography,136,2022,923
2770,math,108,2013,924
2771,ukrainian,181,2010,924
2772,geography,125,2010,924
2773,math,134,2012,925
2774,ukrainian,124,2016,925
2775,english,193,2014,925
2776,math,132,2015,926
2777,ukrainian,121,2018,926
2778,geography,135,2010,926
2779,math,135,2010,927
2780,ukrainian,121,2012,927
2781,biology,155,2021,927
2782,math,170,2022,928
2783,ukrainian,112,2019,928
2784,history,185,2012,928
2785,math,184,2017,929
2786,ukrainian,200,2014,929
2787,history,177,2023,929
2788,math,155,2014,930
2789,ukrainian,138,2017,930
2790,chemistry,177,2016,930
2791,math,153,2014,931
2792,ukrainian,150,2016,931
2793,geography,163,2012,931
2794,math,122,2019,932
2795,ukrainian,126,2020,932
2796,geography,108,2023,932
2797,math,152,2020,933
2798,ukrainian,145,2022,933
2799,geography,171,2019,933
2800,math,172,2016,934
2801,ukrainian,124,2020,934
2802,history,142,2011,934
2803,math,162,2020,935
2804,ukrainian,141,2020,935
2805,english,149,2017,935
2806,math,194,2014,936
2807,ukrainian,116,2021,936
2808,biology,145,2011,936
2809,math,187,2010,937
2810,ukrainian,173,2015,937
2811,history,200,2010,937
2812,math,198,2019,938
2813,ukrainian,158,2022,938
2814,english,194,2010,938
2815,math,195,2012,939
2816,ukrainian,187,2017,939
2817,history,150,2018,939
2818,math,105,2022,940
2819,ukrainian,158,2018,940
2820,biology,130,2022,940
2821,math,170,2017,941
2822,ukrainian,120,2015,941
2823,history,170,2015,941
2824,math,133,2016,942
2825,ukrainian,107,2021,942
2826,geography,145,2022,942
2827,math,194,2022,943
2828,ukrainian,177,2018,943
2829,biology,148,2021,943
2830,math,121,2021,944
2831,ukrainian,110,2010,944
2832,geography,164,2016,944
2833,math,138,2021,945
2834,ukrainian,105,2012,945
2835,history,179,2010,945
2836,math,121,2017,946
2837,ukrainian,172,2015,946
2838,biology,154,2015,946
2839,math,165,2020,947
2840,ukrainian,131,2012,947
2841,geography,159,2012,947
2842,math,114,2020,948
2843,ukrainian,162,2021,948
2844,geography,170,2012,948
2845,math,177,2018,949
2846,ukrainian,152,2021,949
2847,geography,143,2019,949
2848,math,119,2013,950
2849,ukrainian,186,2012,950
2850,chemistry,103,2018,950
2851,math,184,2020,951
2852,ukrainian,189,2010,951
2853,history,110,2011,951
2854,math,117,2011,952
2855,ukrainian,196,2014,952
2856,biology,167,2021,952
2857,math,183,2011,953
2858,ukrainian,200,2018,953
2859,geography,197,2012,953
2860,math,100,2015,954
2861,ukrainian,167,2019,954
2862,biology,122,2011,954
2863,math,110,2017,955
2864,ukrainian,160,2019,955
2865,english,187,2011,955
2866,math,123,2010,956
2867,ukrainian,185,2012,956
2868,geography,179,2014,956
2869,math,116,2011,957
2870,ukrainian,141,2014,957
2871,history,109,2022,957
2872,math,186,2022,958
2873,ukrainian,172,2022,958
2874,history,141,2023,958
2875,math,105,2013,959
2876,ukrainian,172,2013,959
2877,biology,140,2018,959
2878,math,189,2022,960
2879,ukrainian,173,2013,960
2880,history,188,2011,960
2881,math,145,2021,961
2882,ukrainian,175,2022,961
2883,biology,115,2019,961
2884,math,112,2014,962
2885,ukrainian,136,2013,962
2886,history,169,2021,962
2887,math,176,2020,963
2888,ukrainian,176,2023,963
2889,history,173,2012,963
2890,math,132,2020,964
2891,ukrainian,197,2017,964
2892,chemistry,120,2020,964
2893,math,162,2010,965
2894,ukrainian,159,2013,965
2895,chemistry,132,2015,965
2896,math,181,2023,966
2897,ukrainian,113,2017,966
2898,english,133,2017,966
2899,math,113,2018,967
2900,ukrainian,170,2018,967
2901,history,151,2020,967
2902,math,192,2014,968
2903,ukrainian,185,2022,968
2904,history,136,2013,968
2905,math,161,2012,969
2906,ukrainian,112,2013,969
2907,chemistry,167,2011,969
2908,math,173,2017,970
2909,ukrainian,107,2014,970
2910,chemistry,123,2012,970
2911,math,116,2023,971
2912,ukrainian,181,2016,971
2913,biology,200,2019,971
2914,math,145,2021,972
2915,ukrainian,171,2021,972
2916,history,113,2011,972
2917,math,164,2012,973
2918,ukrainian,109,2023,973
2919,geography,173,2022,973
2920,math,130,2023,974
2921,ukrainian,168,2018,974
2922,history,159,2010,974
2923,math,168,2017,975
2924,ukrainian,118,2010,975
2925,geography,152,2022,975
2926,math,187,2018,976
2927,ukrainian,141,2016,976
2928,physics,141,2018,976
2929,math,112,2011,977
2930,ukrainian,129,2016,977
2931,geography,127,2013,977
2932,math,175,2023,978
2933,ukrainian,181,2017,978
2934,english,163,2023,978
2935,math,115,2013,979
2936,ukrainian,131,2021,979
2937,physics,138,2018,979
2938,math,153,2018,980
2939,ukrainian,149,2014,980
2940,physics,163,2010,980
2941,math,132,2010,981
2942,ukrainian,169,2022,981
2943,history,166,2023,981
2944,math,156,2010,982
2945,ukrainian,129,2022,982
2946,history,142,2022,982
2947,math,192,2018,983
2948,ukrainian,123,2021,983
2949,biology,136,2021,983
2950,math,114,2019,984
2951,ukrainian,135,2012,984
2952,history,159,2022,984
2953,math,149,2014,985
2954,ukrainian,192,2011,985
2955,physics,170,2014,985
2956,math,167,2021,986
2957,ukrainian,175,2023,986
2958,physics,177,2019,986
2959,math,169,2022,987
2960,ukrainian,195,2023,987
2961,biology,118,2022,987
2962,math,174,2018,988
2963,ukrainian,137,2020,988
2964,physics,113,2022,988
2965,math,156,2023,989
2966,ukrainian,189,2012,989
2967,geography,199,2021,989
2968,math,191,2010,990
2969,ukrainian,156,2018,990
2970,chemistry,129,2013,990
2971,math,127,2017,991
2972,ukrainian,105,2015,991
2973,biology,128,2010,991
2974,math,150,2010,992
2975,ukrainian,130,2011,992
2976,physics,199,2023,992
2977,math,109,2018,993
2978,ukrainian,194,2012,993
2979,biology,147,2016,993
2980,math,106,2018,994
2981,ukrainian,121,2022,994
2982,chemistry,118,2016,994
2983,math,124,2011,995
2984,ukrainian,194,2014,995
2985,biology,121,2014,995
2986,math,157,2014,996
2987,ukrainian,182,2010,996
2988,geography,121,2020,996
2989,math,199,2019,997
2990,ukrainian,103,2017,997
2991,biology,196,2018,997
2992,math,131,2021,998
2993,ukrainian,143,2014,998
2994,geography,126,2016,998
2995,math,129,2023,999
2996,ukrainian,121,2016,999
2997,physics,196,2013,999
2998,math,166,2017,1000
2999,ukrainian,194,2022,1000
3000,physics,113,2013,1000
