application_id,education_program_id,priority
1,34,3
1,35,2
1,36,1
2,13,3
2,14,1
2,15,2
3,37,1
3,38,2
3,39,3
4,76,1
4,77,3
4,78,2
5,43,1
5,44,3
5,45,2
6,31,2
6,32,1
6,33,3
7,73,2
7,74,1
7,75,3
8,70,1
8,71,3
8,72,2
9,73,1
9,74,2
9,75,3
10,61,3
10,62,2
10,63,1
11,16,3
11,17,2
11,18,1
12,1,3
12,2,1
12,3,2
13,28,3
13,29,1
13,30,2
14,40,2
14,41,1
14,42,3
15,46,2
15,47,3
15,48,1
16,64,3
16,65,1
16,66,2
17,13,3
17,14,1
17,15,2
18,40,2
18,41,1
18,42,3
19,16,3
19,17,1
19,18,2
20,19,2
20,20,3
20,21,1
21,34,3
21,35,2
21,36,1
22,7,1
22,8,3
22,9,2
23,82,2
23,83,3
23,84,1
24,13,3
24,14,2
24,15,1
25,76,3
25,77,1
25,78,2
26,70,1
26,71,3
26,72,2
27,19,1
27,20,3
27,21,2
28,61,3
28,62,1
28,63,2
29,79,1
29,80,3
29,81,2
30,76,1
30,77,3
30,78,2
31,73,3
31,74,1
31,75,2
32,13,2
32,14,3
32,15,1
33,58,1
33,59,2
33,60,3
34,61,1
34,62,3
34,63,2
35,64,3
35,65,1
35,66,2
36,55,2
36,56,1
36,57,3
37,67,3
37,68,1
37,69,2
38,40,2
38,41,3
38,42,1
39,49,1
39,50,2
39,51,3
40,61,3
40,62,1
40,63,2
41,58,2
41,59,3
41,60,1
42,16,1
42,17,3
42,18,2
43,31,1
43,32,2
43,33,3
44,85,2
44,86,1
44,87,3
45,28,3
45,29,2
45,30,1
46,55,2
46,56,1
46,57,3
47,76,1
47,77,2
47,78,3
48,13,1
48,14,2
48,15,3
49,64,3
49,65,1
49,66,2
50,10,2
50,11,1
50,12,3
51,43,3
51,44,2
51,45,1
52,67,3
52,68,1
52,69,2
53,1,1
53,2,3
53,3,2
54,85,3
54,86,1
54,87,2
55,55,1
55,56,3
55,57,2
56,4,2
56,5,1
56,6,3
57,28,2
57,29,3
57,30,1
58,49,2
58,50,1
58,51,3
59,79,1
59,80,3
59,81,2
60,1,1
60,2,2
60,3,3
61,31,2
61,32,1
61,33,3
62,58,2
62,59,1
62,60,3
63,64,1
63,65,2
63,66,3
64,67,3
64,68,1
64,69,2
65,79,2
65,80,3
65,81,1
66,58,3
66,59,2
66,60,1
67,46,3
67,47,1
67,48,2
68,31,3
68,32,2
68,33,1
69,40,3
69,41,2
69,42,1
70,82,1
70,83,3
70,84,2
71,13,2
71,14,1
71,15,3
72,55,1
72,56,2
72,57,3
73,70,3
73,71,1
73,72,2
74,16,2
74,17,1
74,18,3
75,40,3
75,41,2
75,42,1
76,61,1
76,62,2
76,63,3
77,79,2
77,80,1
77,81,3
78,16,3
78,17,2
78,18,1
79,82,2
79,83,1
79,84,3
80,1,3
80,2,1
80,3,2
81,34,1
81,35,3
81,36,2
82,22,2
82,23,1
82,24,3
83,52,2
83,53,1
83,54,3
84,49,3
84,50,2
84,51,1
85,25,1
85,26,3
85,27,2
86,4,1
86,5,2
86,6,3
87,58,1
87,59,2
87,60,3
88,61,1
88,62,2
88,63,3
89,19,2
89,20,3
89,21,1
90,85,3
90,86,1
90,87,2
91,34,1
91,35,3
91,36,2
92,28,1
92,29,2
92,30,3
93,52,1
93,53,3
93,54,2
94,28,3
94,29,1
94,30,2
95,7,1
95,8,3
95,9,2
96,64,3
96,65,1
96,66,2
97,4,2
97,5,1
97,6,3
98,43,1
98,44,3
98,45,2
99,4,1
99,5,2
99,6,3
100,1,1
100,2,3
100,3,2
101,28,1
101,29,2
101,30,3
102,82,1
102,83,2
102,84,3
103,67,3
103,68,2
103,69,1
104,16,1
104,17,2
104,18,3
105,49,3
105,50,1
105,51,2
106,31,3
106,32,1
106,33,2
107,82,2
107,83,3
107,84,1
108,28,3
108,29,1
108,30,2
109,70,2
109,71,3
109,72,1
110,52,3
110,53,1
110,54,2
111,46,3
111,47,1
111,48,2
112,43,1
112,44,2
112,45,3
113,73,2
113,74,1
113,75,3
114,34,3
114,35,2
114,36,1
115,10,2
115,11,3
115,12,1
116,40,2
116,41,1
116,42,3
117,79,2
117,80,1
117,81,3
118,4,1
118,5,2
118,6,3
119,55,3
119,56,1
119,57,2
120,13,1
120,14,3
120,15,2
121,70,2
121,71,1
121,72,3
122,61,1
122,62,3
122,63,2
123,19,1
123,20,3
123,21,2
124,37,3
124,38,2
124,39,1
125,16,1
125,17,2
125,18,3
126,28,1
126,29,3
126,30,2
127,46,2
127,47,1
127,48,3
128,82,3
128,83,1
128,84,2
129,16,2
129,17,3
129,18,1
130,7,1
130,8,3
130,9,2
131,28,1
131,29,3
131,30,2
132,10,3
132,11,1
132,12,2
133,82,1
133,83,3
133,84,2
134,64,2
134,65,1
134,66,3
135,64,3
135,65,1
135,66,2
136,10,2
136,11,3
136,12,1
137,82,1
137,83,2
137,84,3
138,79,3
138,80,1
138,81,2
139,34,1
139,35,3
139,36,2
140,46,1
140,47,3
140,48,2
141,28,2
141,29,1
141,30,3
142,61,2
142,62,3
142,63,1
143,52,1
143,53,2
143,54,3
144,34,3
144,35,1
144,36,2
145,70,1
145,71,3
145,72,2
146,7,2
146,8,1
146,9,3
147,25,1
147,26,3
147,27,2
148,64,3
148,65,2
148,66,1
149,34,1
149,35,3
149,36,2
150,49,3
150,50,2
150,51,1
151,34,2
151,35,3
151,36,1
152,70,3
152,71,1
152,72,2
153,46,1
153,47,3
153,48,2
154,58,3
154,59,1
154,60,2
155,64,2
155,65,1
155,66,3
156,70,2
156,71,1
156,72,3
157,82,2
157,83,3
157,84,1
158,16,2
158,17,1
158,18,3
159,70,3
159,71,1
159,72,2
160,67,3
160,68,1
160,69,2
161,64,1
161,65,3
161,66,2
162,22,2
162,23,3
162,24,1
163,49,1
163,50,2
163,51,3
164,10,3
164,11,1
164,12,2
165,76,1
165,77,3
165,78,2
166,1,2
166,2,1
166,3,3
167,16,3
167,17,1
167,18,2
168,31,2
168,32,1
168,33,3
169,34,2
169,35,3
169,36,1
170,61,2
170,62,1
170,63,3
171,28,3
171,29,1
171,30,2
172,43,1
172,44,3
172,45,2
173,40,3
173,41,2
173,42,1
174,31,3
174,32,2
174,33,1
175,13,3
175,14,2
175,15,1
176,46,1
176,47,2
176,48,3
177,52,1
177,53,3
177,54,2
178,85,3
178,86,1
178,87,2
179,22,3
179,23,2
179,24,1
180,67,3
180,68,1
180,69,2
181,55,2
181,56,1
181,57,3
182,76,2
182,77,3
182,78,1
183,85,3
183,86,1
183,87,2
184,67,2
184,68,1
184,69,3
185,10,3
185,11,1
185,12,2
186,46,3
186,47,1
186,48,2
187,58,1
187,59,2
187,60,3
188,73,1
188,74,2
188,75,3
189,1,2
189,2,3
189,3,1
190,13,3
190,14,2
190,15,1
191,70,2
191,71,3
191,72,1
192,64,2
192,65,1
192,66,3
193,1,2
193,2,3
193,3,1
194,85,3
194,86,1
194,87,2
195,76,2
195,77,3
195,78,1
196,70,3
196,71,1
196,72,2
197,19,3
197,20,2
197,21,1
198,55,3
198,56,2
198,57,1
199,28,3
199,29,2
199,30,1
200,85,1
200,86,3
200,87,2
201,1,3
201,2,1
201,3,2
202,40,3
202,41,2
202,42,1
203,49,3
203,50,1
203,51,2
204,13,1
204,14,2
204,15,3
205,58,1
205,59,2
205,60,3
206,10,3
206,11,2
206,12,1
207,73,3
207,74,2
207,75,1
208,28,1
208,29,3
208,30,2
209,73,3
209,74,2
209,75,1
210,61,1
210,62,3
210,63,2
211,22,2
211,23,1
211,24,3
212,4,2
212,5,3
212,6,1
213,10,3
213,11,1
213,12,2
214,16,2
214,17,1
214,18,3
215,64,3
215,65,1
215,66,2
216,49,1
216,50,3
216,51,2
217,25,2
217,26,3
217,27,1
218,31,1
218,32,2
218,33,3
219,7,2
219,8,3
219,9,1
220,52,1
220,53,3
220,54,2
221,76,2
221,77,1
221,78,3
222,37,3
222,38,1
222,39,2
223,52,2
223,53,3
223,54,1
224,85,2
224,86,1
224,87,3
225,58,2
225,59,3
225,60,1
226,61,3
226,62,1
226,63,2
227,31,1
227,32,3
227,33,2
228,19,2
228,20,1
228,21,3
229,43,2
229,44,1
229,45,3
230,64,1
230,65,3
230,66,2
231,31,3
231,32,2
231,33,1
232,19,1
232,20,2
232,21,3
233,52,1
233,53,2
233,54,3
234,19,1
234,20,2
234,21,3
235,79,1
235,80,3
235,81,2
236,25,2
236,26,3
236,27,1
237,37,2
237,38,3
237,39,1
238,52,3
238,53,1
238,54,2
239,16,3
239,17,2
239,18,1
240,37,1
240,38,3
240,39,2
241,85,1
241,86,3
241,87,2
242,28,3
242,29,1
242,30,2
243,22,2
243,23,1
243,24,3
244,85,1
244,86,2
244,87,3
245,43,3
245,44,1
245,45,2
246,7,1
246,8,2
246,9,3
247,52,3
247,53,1
247,54,2
248,85,2
248,86,1
248,87,3
249,43,3
249,44,2
249,45,1
250,55,1
250,56,3
250,57,2
251,37,1
251,38,3
251,39,2
252,28,2
252,29,1
252,30,3
253,16,1
253,17,2
253,18,3
254,46,3
254,47,1
254,48,2
255,25,2
255,26,1
255,27,3
256,10,1
256,11,3
256,12,2
257,79,1
257,80,2
257,81,3
258,19,1
258,20,3
258,21,2
259,10,3
259,11,1
259,12,2
260,34,1
260,35,3
260,36,2
261,16,3
261,17,2
261,18,1
262,67,2
262,68,3
262,69,1
263,55,2
263,56,3
263,57,1
264,64,2
264,65,1
264,66,3
265,76,3
265,77,2
265,78,1
266,55,2
266,56,1
266,57,3
267,1,1
267,2,3
267,3,2
268,85,3
268,86,2
268,87,1
269,46,3
269,47,1
269,48,2
270,10,3
270,11,2
270,12,1
271,76,3
271,77,1
271,78,2
272,13,1
272,14,3
272,15,2
273,49,3
273,50,2
273,51,1
274,37,3
274,38,1
274,39,2
275,58,2
275,59,1
275,60,3
276,1,2
276,2,3
276,3,1
277,28,2
277,29,3
277,30,1
278,61,2
278,62,3
278,63,1
279,43,2
279,44,1
279,45,3
280,1,3
280,2,1
280,3,2
281,85,3
281,86,1
281,87,2
282,16,1
282,17,3
282,18,2
283,70,3
283,71,2
283,72,1
284,76,2
284,77,3
284,78,1
285,19,2
285,20,1
285,21,3
286,31,1
286,32,2
286,33,3
287,16,1
287,17,2
287,18,3
288,79,2
288,80,3
288,81,1
289,7,3
289,8,1
289,9,2
290,31,3
290,32,2
290,33,1
291,22,2
291,23,3
291,24,1
292,46,1
292,47,2
292,48,3
293,49,3
293,50,2
293,51,1
294,7,3
294,8,1
294,9,2
295,34,2
295,35,1
295,36,3
296,40,3
296,41,1
296,42,2
297,49,3
297,50,2
297,51,1
298,46,3
298,47,2
298,48,1
299,22,2
299,23,3
299,24,1
300,67,1
300,68,3
300,69,2
301,46,3
301,47,1
301,48,2
302,22,3
302,23,2
302,24,1
303,31,1
303,32,2
303,33,3
304,13,1
304,14,3
304,15,2
305,58,2
305,59,1
305,60,3
306,70,2
306,71,3
306,72,1
307,79,3
307,80,2
307,81,1
308,64,3
308,65,1
308,66,2
309,67,3
309,68,2
309,69,1
310,13,3
310,14,1
310,15,2
311,82,3
311,83,2
311,84,1
312,70,1
312,71,2
312,72,3
313,85,1
313,86,2
313,87,3
314,58,1
314,59,2
314,60,3
315,16,2
315,17,3
315,18,1
316,13,3
316,14,2
316,15,1
317,7,2
317,8,1
317,9,3
318,34,3
318,35,1
318,36,2
319,64,3
319,65,2
319,66,1
320,73,1
320,74,2
320,75,3
321,37,2
321,38,3
321,39,1
322,10,3
322,11,1
322,12,2
323,22,2
323,23,1
323,24,3
324,43,1
324,44,3
324,45,2
325,79,3
325,80,2
325,81,1
326,10,2
326,11,1
326,12,3
327,31,2
327,32,3
327,33,1
328,82,2
328,83,1
328,84,3
329,70,3
329,71,2
329,72,1
330,76,3
330,77,1
330,78,2
331,64,1
331,65,2
331,66,3
332,34,2
332,35,1
332,36,3
333,73,1
333,74,2
333,75,3
334,22,3
334,23,2
334,24,1
335,61,2
335,62,3
335,63,1
336,67,1
336,68,2
336,69,3
337,19,3
337,20,1
337,21,2
338,4,2
338,5,3
338,6,1
339,70,1
339,71,3
339,72,2
340,40,3
340,41,1
340,42,2
341,10,1
341,11,2
341,12,3
342,40,3
342,41,2
342,42,1
343,76,1
343,77,2
343,78,3
344,13,2
344,14,3
344,15,1
345,7,3
345,8,1
345,9,2
346,85,3
346,86,1
346,87,2
347,70,3
347,71,1
347,72,2
348,46,3
348,47,1
348,48,2
349,10,2
349,11,1
349,12,3
350,7,1
350,8,3
350,9,2
351,67,3
351,68,1
351,69,2
352,64,2
352,65,1
352,66,3
353,37,2
353,38,1
353,39,3
354,82,3
354,83,1
354,84,2
355,79,1
355,80,2
355,81,3
356,10,3
356,11,2
356,12,1
357,22,2
357,23,1
357,24,3
358,64,3
358,65,1
358,66,2
359,73,1
359,74,3
359,75,2
360,55,1
360,56,2
360,57,3
361,85,1
361,86,2
361,87,3
362,7,1
362,8,3
362,9,2
363,49,3
363,50,2
363,51,1
364,19,2
364,20,3
364,21,1
365,52,3
365,53,1
365,54,2
366,16,1
366,17,3
366,18,2
367,31,1
367,32,2
367,33,3
368,13,2
368,14,3
368,15,1
369,46,2
369,47,1
369,48,3
370,67,3
370,68,1
370,69,2
371,1,2
371,2,1
371,3,3
372,43,3
372,44,2
372,45,1
373,22,2
373,23,3
373,24,1
374,40,2
374,41,3
374,42,1
375,82,1
375,83,3
375,84,2
376,52,2
376,53,1
376,54,3
377,49,2
377,50,1
377,51,3
378,13,1
378,14,2
378,15,3
379,76,1
379,77,3
379,78,2
380,22,3
380,23,2
380,24,1
381,28,3
381,29,1
381,30,2
382,79,3
382,80,1
382,81,2
383,19,3
383,20,2
383,21,1
384,10,1
384,11,2
384,12,3
385,43,2
385,44,1
385,45,3
386,22,1
386,23,2
386,24,3
387,25,1
387,26,2
387,27,3
388,43,3
388,44,2
388,45,1
389,76,3
389,77,1
389,78,2
390,46,3
390,47,2
390,48,1
391,13,3
391,14,2
391,15,1
392,34,1
392,35,2
392,36,3
393,25,1
393,26,3
393,27,2
394,19,2
394,20,3
394,21,1
395,85,3
395,86,2
395,87,1
396,4,2
396,5,3
396,6,1
397,70,3
397,71,1
397,72,2
398,22,1
398,23,2
398,24,3
399,46,3
399,47,1
399,48,2
400,19,3
400,20,1
400,21,2
401,34,2
401,35,1
401,36,3
402,46,1
402,47,2
402,48,3
403,19,1
403,20,2
403,21,3
404,25,3
404,26,2
404,27,1
405,55,1
405,56,2
405,57,3
406,7,1
406,8,2
406,9,3
407,67,2
407,68,1
407,69,3
408,85,2
408,86,3
408,87,1
409,19,3
409,20,2
409,21,1
410,40,3
410,41,1
410,42,2
411,22,1
411,23,3
411,24,2
412,49,1
412,50,3
412,51,2
413,79,1
413,80,2
413,81,3
414,13,3
414,14,2
414,15,1
415,43,1
415,44,3
415,45,2
416,61,1
416,62,3
416,63,2
417,52,1
417,53,3
417,54,2
418,64,2
418,65,1
418,66,3
419,25,2
419,26,1
419,27,3
420,79,3
420,80,2
420,81,1
421,46,2
421,47,3
421,48,1
422,37,3
422,38,1
422,39,2
423,52,3
423,53,1
423,54,2
424,40,3
424,41,1
424,42,2
425,37,1
425,38,3
425,39,2
426,85,1
426,86,2
426,87,3
427,46,3
427,47,2
427,48,1
428,28,3
428,29,1
428,30,2
429,13,3
429,14,1
429,15,2
430,73,2
430,74,1
430,75,3
431,43,1
431,44,2
431,45,3
432,22,1
432,23,2
432,24,3
433,46,1
433,47,2
433,48,3
434,55,2
434,56,1
434,57,3
435,10,1
435,11,2
435,12,3
436,58,1
436,59,3
436,60,2
437,73,2
437,74,3
437,75,1
438,58,3
438,59,1
438,60,2
439,61,1
439,62,3
439,63,2
440,37,3
440,38,2
440,39,1
441,10,2
441,11,1
441,12,3
442,37,2
442,38,3
442,39,1
443,13,3
443,14,2
443,15,1
444,31,2
444,32,3
444,33,1
445,85,1
445,86,2
445,87,3
446,43,1
446,44,2
446,45,3
447,7,1
447,8,3
447,9,2
448,46,1
448,47,3
448,48,2
449,13,1
449,14,3
449,15,2
450,79,3
450,80,1
450,81,2
451,34,1
451,35,2
451,36,3
452,61,1
452,62,3
452,63,2
453,34,3
453,35,1
453,36,2
454,1,2
454,2,3
454,3,1
455,43,3
455,44,2
455,45,1
456,79,1
456,80,2
456,81,3
457,7,3
457,8,2
457,9,1
458,4,3
458,5,1
458,6,2
459,64,2
459,65,1
459,66,3
460,40,2
460,41,3
460,42,1
461,1,3
461,2,1
461,3,2
462,49,3
462,50,1
462,51,2
463,82,1
463,83,3
463,84,2
464,31,3
464,32,1
464,33,2
465,37,1
465,38,2
465,39,3
466,76,1
466,77,3
466,78,2
467,28,3
467,29,2
467,30,1
468,52,1
468,53,3
468,54,2
469,40,1
469,41,3
469,42,2
470,46,1
470,47,3
470,48,2
471,25,2
471,26,1
471,27,3
472,58,2
472,59,3
472,60,1
473,28,3
473,29,1
473,30,2
474,22,2
474,23,1
474,24,3
475,55,3
475,56,2
475,57,1
476,49,3
476,50,1
476,51,2
477,34,3
477,35,1
477,36,2
478,67,3
478,68,1
478,69,2
479,16,1
479,17,3
479,18,2
480,22,3
480,23,1
480,24,2
481,19,1
481,20,3
481,21,2
482,4,1
482,5,2
482,6,3
483,13,3
483,14,1
483,15,2
484,10,1
484,11,2
484,12,3
485,70,1
485,71,3
485,72,2
486,16,2
486,17,3
486,18,1
487,73,3
487,74,1
487,75,2
488,82,1
488,83,2
488,84,3
489,58,2
489,59,1
489,60,3
490,76,3
490,77,1
490,78,2
491,64,3
491,65,1
491,66,2
492,40,3
492,41,1
492,42,2
493,73,1
493,74,2
493,75,3
494,49,1
494,50,3
494,51,2
495,82,3
495,83,1
495,84,2
496,10,2
496,11,1
496,12,3
497,37,3
497,38,1
497,39,2
498,67,2
498,68,3
498,69,1
499,49,1
499,50,2
499,51,3
500,70,1
500,71,2
500,72,3
501,73,2
501,74,3
501,75,1
502,37,1
502,38,3
502,39,2
503,67,2
503,68,1
503,69,3
504,40,1
504,41,3
504,42,2
505,43,1
505,44,2
505,45,3
506,64,1
506,65,2
506,66,3
507,79,1
507,80,2
507,81,3
508,73,3
508,74,2
508,75,1
509,31,1
509,32,3
509,33,2
510,7,3
510,8,1
510,9,2
511,1,3
511,2,2
511,3,1
512,58,3
512,59,2
512,60,1
513,67,1
513,68,2
513,69,3
514,25,3
514,26,2
514,27,1
515,46,1
515,47,2
515,48,3
516,49,2
516,50,3
516,51,1
517,16,1
517,17,2
517,18,3
518,22,3
518,23,1
518,24,2
519,61,2
519,62,1
519,63,3
520,64,2
520,65,1
520,66,3
521,37,2
521,38,1
521,39,3
522,58,1
522,59,3
522,60,2
523,73,2
523,74,3
523,75,1
524,13,3
524,14,2
524,15,1
525,76,2
525,77,1
525,78,3
526,10,2
526,11,3
526,12,1
527,34,1
527,35,2
527,36,3
528,85,1
528,86,2
528,87,3
529,7,3
529,8,2
529,9,1
530,13,1
530,14,2
530,15,3
531,52,3
531,53,2
531,54,1
532,46,1
532,47,2
532,48,3
533,16,3
533,17,1
533,18,2
534,4,2
534,5,3
534,6,1
535,67,1
535,68,3
535,69,2
536,28,1
536,29,3
536,30,2
537,43,2
537,44,1
537,45,3
538,61,2
538,62,3
538,63,1
539,13,2
539,14,1
539,15,3
540,31,3
540,32,1
540,33,2
541,76,3
541,77,1
541,78,2
542,28,1
542,29,3
542,30,2
543,19,3
543,20,2
543,21,1
544,7,2
544,8,1
544,9,3
545,10,3
545,11,2
545,12,1
546,52,2
546,53,1
546,54,3
547,16,2
547,17,1
547,18,3
548,61,1
548,62,2
548,63,3
549,1,1
549,2,2
549,3,3
550,43,2
550,44,3
550,45,1
551,76,3
551,77,2
551,78,1
552,7,3
552,8,1
552,9,2
553,7,2
553,8,3
553,9,1
554,4,3
554,5,2
554,6,1
555,10,1
555,11,3
555,12,2
556,67,3
556,68,2
556,69,1
557,76,3
557,77,1
557,78,2
558,55,1
558,56,3
558,57,2
559,16,3
559,17,1
559,18,2
560,13,2
560,14,1
560,15,3
561,67,2
561,68,3
561,69,1
562,16,3
562,17,1
562,18,2
563,28,2
563,29,1
563,30,3
564,79,2
564,80,3
564,81,1
565,31,3
565,32,1
565,33,2
566,43,3
566,44,2
566,45,1
567,85,3
567,86,1
567,87,2
568,70,3
568,71,1
568,72,2
569,76,2
569,77,3
569,78,1
570,28,1
570,29,2
570,30,3
571,64,1
571,65,3
571,66,2
572,73,3
572,74,1
572,75,2
573,49,2
573,50,3
573,51,1
574,58,3
574,59,2
574,60,1
575,4,3
575,5,1
575,6,2
576,19,3
576,20,2
576,21,1
577,1,1
577,2,2
577,3,3
578,76,1
578,77,2
578,78,3
579,79,3
579,80,1
579,81,2
580,28,1
580,29,2
580,30,3
581,13,1
581,14,3
581,15,2
582,37,1
582,38,2
582,39,3
583,64,2
583,65,1
583,66,3
584,19,2
584,20,1
584,21,3
585,19,1
585,20,3
585,21,2
586,22,2
586,23,1
586,24,3
587,55,2
587,56,3
587,57,1
588,37,3
588,38,2
588,39,1
589,19,1
589,20,3
589,21,2
590,10,2
590,11,3
590,12,1
591,43,1
591,44,2
591,45,3
592,13,3
592,14,2
592,15,1
593,37,3
593,38,1
593,39,2
594,61,3
594,62,1
594,63,2
595,16,2
595,17,1
595,18,3
596,76,2
596,77,3
596,78,1
597,34,1
597,35,2
597,36,3
598,76,3
598,77,2
598,78,1
599,67,1
599,68,3
599,69,2
600,70,1
600,71,3
600,72,2
601,43,2
601,44,3
601,45,1
602,16,2
602,17,1
602,18,3
603,82,3
603,83,2
603,84,1
604,31,3
604,32,2
604,33,1
605,22,1
605,23,2
605,24,3
606,1,2
606,2,3
606,3,1
607,70,2
607,71,1
607,72,3
608,40,1
608,41,2
608,42,3
609,55,1
609,56,2
609,57,3
610,85,3
610,86,1
610,87,2
611,31,1
611,32,3
611,33,2
612,34,2
612,35,1
612,36,3
613,58,1
613,59,3
613,60,2
614,4,2
614,5,3
614,6,1
615,43,1
615,44,3
615,45,2
616,40,1
616,41,2
616,42,3
617,4,2
617,5,3
617,6,1
618,73,1
618,74,2
618,75,3
619,22,3
619,23,1
619,24,2
620,16,2
620,17,1
620,18,3
621,28,3
621,29,1
621,30,2
622,37,1
622,38,2
622,39,3
623,73,2
623,74,3
623,75,1
624,1,3
624,2,1
624,3,2
625,55,3
625,56,1
625,57,2
626,85,2
626,86,1
626,87,3
627,16,1
627,17,3
627,18,2
628,10,1
628,11,3
628,12,2
629,31,2
629,32,3
629,33,1
630,13,3
630,14,1
630,15,2
631,7,2
631,8,3
631,9,1
632,40,1
632,41,2
632,42,3
633,13,3
633,14,1
633,15,2
634,67,2
634,68,1
634,69,3
635,31,3
635,32,2
635,33,1
636,73,2
636,74,3
636,75,1
637,13,1
637,14,2
637,15,3
638,1,2
638,2,3
638,3,1
639,73,1
639,74,3
639,75,2
640,31,3
640,32,2
640,33,1
641,79,2
641,80,3
641,81,1
642,85,2
642,86,1
642,87,3
643,52,2
643,53,1
643,54,3
644,28,3
644,29,1
644,30,2
645,22,2
645,23,1
645,24,3
646,67,1
646,68,2
646,69,3
647,79,1
647,80,2
647,81,3
648,10,1
648,11,3
648,12,2
649,16,2
649,17,1
649,18,3
650,19,2
650,20,3
650,21,1
651,22,2
651,23,1
651,24,3
652,28,3
652,29,1
652,30,2
653,10,1
653,11,2
653,12,3
654,70,2
654,71,1
654,72,3
655,43,3
655,44,2
655,45,1
656,1,1
656,2,2
656,3,3
657,61,2
657,62,1
657,63,3
658,58,3
658,59,1
658,60,2
659,37,1
659,38,2
659,39,3
660,28,3
660,29,1
660,30,2
661,7,3
661,8,1
661,9,2
662,49,2
662,50,1
662,51,3
663,76,3
663,77,1
663,78,2
664,40,1
664,41,3
664,42,2
665,37,3
665,38,1
665,39,2
666,73,2
666,74,1
666,75,3
667,49,3
667,50,1
667,51,2
668,82,1
668,83,3
668,84,2
669,67,3
669,68,2
669,69,1
670,40,2
670,41,3
670,42,1
671,4,1
671,5,2
671,6,3
672,25,2
672,26,1
672,27,3
673,49,1
673,50,3
673,51,2
674,79,3
674,80,2
674,81,1
675,1,2
675,2,1
675,3,3
676,46,3
676,47,1
676,48,2
677,49,3
677,50,1
677,51,2
678,82,3
678,83,2
678,84,1
679,49,3
679,50,2
679,51,1
680,7,2
680,8,3
680,9,1
681,61,3
681,62,1
681,63,2
682,4,2
682,5,1
682,6,3
683,52,1
683,53,2
683,54,3
684,58,2
684,59,3
684,60,1
685,85,3
685,86,2
685,87,1
686,1,2
686,2,1
686,3,3
687,46,3
687,47,1
687,48,2
688,82,1
688,83,2
688,84,3
689,52,3
689,53,1
689,54,2
690,76,1
690,77,3
690,78,2
691,55,2
691,56,1
691,57,3
692,10,1
692,11,3
692,12,2
693,28,1
693,29,2
693,30,3
694,16,1
694,17,2
694,18,3
695,58,2
695,59,1
695,60,3
696,13,1
696,14,3
696,15,2
697,55,1
697,56,2
697,57,3
698,43,3
698,44,1
698,45,2
699,1,2
699,2,3
699,3,1
700,25,1
700,26,2
700,27,3
701,85,1
701,86,3
701,87,2
702,64,1
702,65,3
702,66,2
703,31,2
703,32,3
703,33,1
704,73,2
704,74,1
704,75,3
705,31,3
705,32,1
705,33,2
706,7,2
706,8,1
706,9,3
707,55,2
707,56,3
707,57,1
708,70,1
708,71,3
708,72,2
709,4,2
709,5,1
709,6,3
710,46,1
710,47,2
710,48,3
711,79,3
711,80,2
711,81,1
712,19,1
712,20,2
712,21,3
713,76,2
713,77,1
713,78,3
714,7,3
714,8,1
714,9,2
715,73,3
715,74,1
715,75,2
716,16,3
716,17,2
716,18,1
717,55,3
717,56,2
717,57,1
718,46,1
718,47,2
718,48,3
719,25,2
719,26,1
719,27,3
720,10,3
720,11,1
720,12,2
721,16,2
721,17,3
721,18,1
722,67,3
722,68,1
722,69,2
723,4,2
723,5,3
723,6,1
724,10,2
724,11,3
724,12,1
725,49,3
725,50,1
725,51,2
726,28,1
726,29,3
726,30,2
727,13,1
727,14,3
727,15,2
728,43,1
728,44,3
728,45,2
729,49,1
729,50,2
729,51,3
730,76,3
730,77,2
730,78,1
731,31,2
731,32,3
731,33,1
732,22,3
732,23,2
732,24,1
733,61,3
733,62,1
733,63,2
734,1,2
734,2,3
734,3,1
735,43,2
735,44,1
735,45,3
736,7,2
736,8,1
736,9,3
737,28,3
737,29,1
737,30,2
738,25,2
738,26,3
738,27,1
739,67,2
739,68,1
739,69,3
740,82,1
740,83,2
740,84,3
741,70,2
741,71,1
741,72,3
742,16,2
742,17,3
742,18,1
743,22,1
743,23,2
743,24,3
744,10,3
744,11,1
744,12,2
745,49,2
745,50,1
745,51,3
746,70,1
746,71,2
746,72,3
747,61,3
747,62,1
747,63,2
748,37,2
748,38,3
748,39,1
749,22,2
749,23,1
749,24,3
750,10,1
750,11,3
750,12,2
751,64,2
751,65,3
751,66,1
752,10,2
752,11,1
752,12,3
753,28,1
753,29,3
753,30,2
754,73,3
754,74,2
754,75,1
755,52,3
755,53,1
755,54,2
756,64,2
756,65,1
756,66,3
757,10,2
757,11,3
757,12,1
758,49,3
758,50,1
758,51,2
759,28,1
759,29,3
759,30,2
760,73,1
760,74,2
760,75,3
761,25,1
761,26,3
761,27,2
762,10,1
762,11,3
762,12,2
763,7,3
763,8,1
763,9,2
764,34,3
764,35,2
764,36,1
765,76,3
765,77,1
765,78,2
766,19,2
766,20,1
766,21,3
767,85,2
767,86,1
767,87,3
768,49,1
768,50,3
768,51,2
769,67,3
769,68,1
769,69,2
770,43,1
770,44,2
770,45,3
771,58,2
771,59,3
771,60,1
772,64,1
772,65,2
772,66,3
773,19,1
773,20,2
773,21,3
774,7,2
774,8,1
774,9,3
775,55,1
775,56,3
775,57,2
776,28,2
776,29,3
776,30,1
777,58,1
777,59,3
777,60,2
778,16,1
778,17,3
778,18,2
779,79,1
779,80,2
779,81,3
780,79,1
780,80,3
780,81,2
781,19,3
781,20,2
781,21,1
782,46,2
782,47,1
782,48,3
783,73,2
783,74,1
783,75,3
784,28,2
784,29,3
784,30,1
785,16,1
785,17,2
785,18,3
786,64,3
786,65,2
786,66,1
787,76,1
787,77,2
787,78,3
788,13,1
788,14,2
788,15,3
789,61,1
789,62,2
789,63,3
790,55,3
790,56,1
790,57,2
791,49,3
791,50,1
791,51,2
792,4,1
792,5,3
792,6,2
793,58,3
793,59,2
793,60,1
794,40,2
794,41,3
794,42,1
795,43,3
795,44,2
795,45,1
796,1,1
796,2,2
796,3,3
797,67,3
797,68,1
797,69,2
798,79,2
798,80,1
798,81,3
799,13,2
799,14,1
799,15,3
800,22,1
800,23,2
800,24,3
801,55,2
801,56,1
801,57,3
802,64,3
802,65,2
802,66,1
803,28,1
803,29,2
803,30,3
804,31,3
804,32,2
804,33,1
805,43,2
805,44,1
805,45,3
806,79,3
806,80,2
806,81,1
807,61,2
807,62,1
807,63,3
808,52,2
808,53,1
808,54,3
809,40,1
809,41,3
809,42,2
810,43,2
810,44,3
810,45,1
811,73,3
811,74,2
811,75,1
812,22,1
812,23,3
812,24,2
813,46,1
813,47,3
813,48,2
814,82,2
814,83,3
814,84,1
815,73,3
815,74,2
815,75,1
816,43,3
816,44,1
816,45,2
817,79,3
817,80,1
817,81,2
818,40,2
818,41,3
818,42,1
819,61,1
819,62,3
819,63,2
820,46,3
820,47,2
820,48,1
821,73,2
821,74,1
821,75,3
822,43,1
822,44,3
822,45,2
823,67,2
823,68,3
823,69,1
824,70,3
824,71,2
824,72,1
825,22,1
825,23,2
825,24,3
826,31,1
826,32,3
826,33,2
827,1,3
827,2,2
827,3,1
828,4,3
828,5,2
828,6,1
829,85,2
829,86,1
829,87,3
830,31,3
830,32,1
830,33,2
831,40,2
831,41,1
831,42,3
832,46,3
832,47,1
832,48,2
833,34,1
833,35,2
833,36,3
834,64,3
834,65,1
834,66,2
835,46,3
835,47,2
835,48,1
836,55,3
836,56,2
836,57,1
837,7,2
837,8,3
837,9,1
838,82,3
838,83,1
838,84,2
839,70,2
839,71,1
839,72,3
840,31,2
840,32,1
840,33,3
841,43,3
841,44,1
841,45,2
842,55,2
842,56,3
842,57,1
843,43,1
843,44,3
843,45,2
844,16,1
844,17,2
844,18,3
845,25,2
845,26,3
845,27,1
846,58,2
846,59,3
846,60,1
847,67,1
847,68,2
847,69,3
848,52,3
848,53,2
848,54,1
849,7,3
849,8,2
849,9,1
850,79,3
850,80,1
850,81,2
851,82,3
851,83,2
851,84,1
852,4,2
852,5,3
852,6,1
853,13,1
853,14,3
853,15,2
854,16,1
854,17,3
854,18,2
855,13,2
855,14,3
855,15,1
856,10,1
856,11,2
856,12,3
857,67,2
857,68,1
857,69,3
858,61,2
858,62,1
858,63,3
859,64,3
859,65,2
859,66,1
860,10,2
860,11,3
860,12,1
861,67,1
861,68,3
861,69,2
862,4,2
862,5,3
862,6,1
863,16,2
863,17,3
863,18,1
864,79,1
864,80,2
864,81,3
865,13,1
865,14,2
865,15,3
866,76,3
866,77,1
866,78,2
867,40,1
867,41,2
867,42,3
868,43,1
868,44,3
868,45,2
869,7,3
869,8,1
869,9,2
870,79,3
870,80,2
870,81,1
871,43,1
871,44,2
871,45,3
872,25,1
872,26,2
872,27,3
873,73,1
873,74,3
873,75,2
874,61,2
874,62,3
874,63,1
875,58,2
875,59,1
875,60,3
876,34,1
876,35,2
876,36,3
877,10,3
877,11,2
877,12,1
878,49,3
878,50,2
878,51,1
879,13,1
879,14,2
879,15,3
880,82,1
880,83,3
880,84,2
881,61,1
881,62,2
881,63,3
882,31,2
882,32,1
882,33,3
883,1,3
883,2,2
883,3,1
884,4,1
884,5,3
884,6,2
885,61,1
885,62,2
885,63,3
886,55,2
886,56,3
886,57,1
887,61,1
887,62,2
887,63,3
888,22,1
888,23,2
888,24,3
889,16,1
889,17,2
889,18,3
890,43,3
890,44,1
890,45,2
891,4,2
891,5,1
891,6,3
892,13,2
892,14,1
892,15,3
893,7,3
893,8,2
893,9,1
894,7,1
894,8,2
894,9,3
895,73,1
895,74,3
895,75,2
896,82,3
896,83,1
896,84,2
897,28,1
897,29,3
897,30,2
898,43,1
898,44,3
898,45,2
899,67,1
899,68,2
899,69,3
900,40,1
900,41,3
900,42,2
901,70,2
901,71,1
901,72,3
902,73,1
902,74,2
902,75,3
903,31,1
903,32,2
903,33,3
904,1,2
904,2,3
904,3,1
905,34,3
905,35,1
905,36,2
906,82,3
906,83,1
906,84,2
907,4,2
907,5,3
907,6,1
908,28,1
908,29,2
908,30,3
909,52,2
909,53,3
909,54,1
910,22,1
910,23,3
910,24,2
911,64,3
911,65,2
911,66,1
912,46,2
912,47,1
912,48,3
913,61,2
913,62,3
913,63,1
914,43,1
914,44,2
914,45,3
915,10,2
915,11,1
915,12,3
916,13,3
916,14,2
916,15,1
917,40,2
917,41,1
917,42,3
918,1,2
918,2,1
918,3,3
919,76,3
919,77,2
919,78,1
920,70,1
920,71,2
920,72,3
921,52,3
921,53,2
921,54,1
922,64,1
922,65,3
922,66,2
923,46,1
923,47,2
923,48,3
924,10,3
924,11,1
924,12,2
925,82,1
925,83,2
925,84,3
926,43,3
926,44,1
926,45,2
927,73,2
927,74,3
927,75,1
928,46,2
928,47,3
928,48,1
929,10,3
929,11,2
929,12,1
930,4,1
930,5,2
930,6,3
931,1,2
931,2,1
931,3,3
932,85,3
932,86,1
932,87,2
933,79,1
933,80,2
933,81,3
934,10,2
934,11,1
934,12,3
935,28,1
935,29,3
935,30,2
936,19,3
936,20,1
936,21,2
937,76,2
937,77,1
937,78,3
938,67,2
938,68,1
938,69,3
939,55,3
939,56,1
939,57,2
940,16,2
940,17,3
940,18,1
941,82,1
941,83,3
941,84,2
942,73,3
942,74,1
942,75,2
943,25,1
943,26,3
943,27,2
944,16,1
944,17,3
944,18,2
945,61,3
945,62,2
945,63,1
946,16,1
946,17,2
946,18,3
947,85,2
947,86,1
947,87,3
948,64,1
948,65,3
948,66,2
949,52,3
949,53,2
949,54,1
950,67,3
950,68,1
950,69,2
951,85,1
951,86,3
951,87,2
952,34,2
952,35,3
952,36,1
953,16,3
953,17,2
953,18,1
954,55,1
954,56,3
954,57,2
955,31,2
955,32,3
955,33,1
956,49,1
956,50,2
956,51,3
957,52,2
957,53,1
957,54,3
958,73,3
958,74,2
958,75,1
959,61,2
959,62,1
959,63,3
960,19,3
960,20,1
960,21,2
961,16,2
961,17,1
961,18,3
962,79,1
962,80,2
962,81,3
963,31,2
963,32,3
963,33,1
964,76,3
964,77,1
964,78,2
965,40,1
965,41,3
965,42,2
966,55,1
966,56,2
966,57,3
967,22,1
967,23,3
967,24,2
968,58,2
968,59,3
968,60,1
969,64,3
969,65,2
969,66,1
970,4,2
970,5,3
970,6,1
971,10,2
971,11,3
971,12,1
972,22,2
972,23,3
972,24,1
973,28,2
973,29,1
973,30,3
974,67,1
974,68,2
974,69,3
975,79,2
975,80,3
975,81,1
976,76,1
976,77,2
976,78,3
977,4,2
977,5,3
977,6,1
978,40,3
978,41,1
978,42,2
979,16,3
979,17,1
979,18,2
980,58,3
980,59,1
980,60,2
981,43,1
981,44,2
981,45,3
982,31,3
982,32,2
982,33,1
983,4,1
983,5,2
983,6,3
984,61,2
984,62,1
984,63,3
985,43,2
985,44,3
985,45,1
986,7,3
986,8,2
986,9,1
987,28,1
987,29,2
987,30,3
988,4,1
988,5,2
988,6,3
989,58,2
989,59,3
989,60,1
990,10,3
990,11,2
990,12,1
991,67,3
991,68,1
991,69,2
992,73,1
992,74,3
992,75,2
993,76,2
993,77,3
993,78,1
994,85,1
994,86,3
994,87,2
995,49,1
995,50,2
995,51,3
996,28,1
996,29,2
996,30,3
997,82,2
997,83,3
997,84,1
998,7,1
998,8,3
998,9,2
999,13,2
999,14,1
999,15,3
1000,55,1
1000,56,3
1000,57,2
1001,43,3
1001,44,1
1001,45,2
1002,82,1
1002,83,3
1002,84,2
1003,58,1
1003,59,2
1003,60,3
1004,67,1
1004,68,3
1004,69,2
1005,34,1
1005,35,3
1005,36,2
1006,61,1
1006,62,2
1006,63,3
1007,79,2
1007,80,3
1007,81,1
1008,55,1
1008,56,3
1008,57,2
1009,1,3
1009,2,2
1009,3,1
1010,55,2
1010,56,1
1010,57,3
1011,19,2
1011,20,1
1011,21,3
1012,1,1
1012,2,3
1012,3,2
1013,85,3
1013,86,2
1013,87,1
1014,34,2
1014,35,3
1014,36,1
1015,10,2
1015,11,3
1015,12,1
1016,76,1
1016,77,2
1016,78,3
1017,34,1
1017,35,3
1017,36,2
1018,7,3
1018,8,1
1018,9,2
1019,16,2
1019,17,3
1019,18,1
1020,43,2
1020,44,3
1020,45,1
1021,70,3
1021,71,2
1021,72,1
1022,46,3
1022,47,1
1022,48,2
1023,55,2
1023,56,1
1023,57,3
1024,82,2
1024,83,1
1024,84,3
1025,76,1
1025,77,3
1025,78,2
1026,37,1
1026,38,2
1026,39,3
1027,61,1
1027,62,3
1027,63,2
1028,79,2
1028,80,3
1028,81,1
1029,19,2
1029,20,3
1029,21,1
1030,19,2
1030,20,1
1030,21,3
1031,40,3
1031,41,2
1031,42,1
1032,43,1
1032,44,3
1032,45,2
1033,82,1
1033,83,3
1033,84,2
1034,10,2
1034,11,1
1034,12,3
1035,22,2
1035,23,1
1035,24,3
1036,58,1
1036,59,2
1036,60,3
1037,43,3
1037,44,2
1037,45,1
1038,46,3
1038,47,1
1038,48,2
1039,13,3
1039,14,2
1039,15,1
1040,49,1
1040,50,2
1040,51,3
1041,67,1
1041,68,3
1041,69,2
1042,40,1
1042,41,2
1042,42,3
1043,4,1
1043,5,2
1043,6,3
1044,28,1
1044,29,3
1044,30,2
1045,28,2
1045,29,3
1045,30,1
1046,22,2
1046,23,1
1046,24,3
1047,43,2
1047,44,3
1047,45,1
1048,22,1
1048,23,3
1048,24,2
1049,82,3
1049,83,1
1049,84,2
1050,61,3
1050,62,1
1050,63,2
1051,85,1
1051,86,2
1051,87,3
1052,37,1
1052,38,3
1052,39,2
1053,55,2
1053,56,3
1053,57,1
1054,58,3
1054,59,1
1054,60,2
1055,82,1
1055,83,3
1055,84,2
1056,85,1
1056,86,3
1056,87,2
1057,34,3
1057,35,1
1057,36,2
1058,43,2
1058,44,3
1058,45,1
1059,25,1
1059,26,3
1059,27,2
1060,13,2
1060,14,3
1060,15,1
1061,46,1
1061,47,2
1061,48,3
1062,67,3
1062,68,1
1062,69,2
1063,49,2
1063,50,3
1063,51,1
1064,16,1
1064,17,2
1064,18,3
1065,43,3
1065,44,2
1065,45,1
1066,76,2
1066,77,1
1066,78,3
1067,16,1
1067,17,2
1067,18,3
1068,1,1
1068,2,3
1068,3,2
1069,25,3
1069,26,1
1069,27,2
1070,40,3
1070,41,1
1070,42,2
1071,28,2
1071,29,3
1071,30,1
1072,61,2
1072,62,3
1072,63,1
1073,46,3
1073,47,2
1073,48,1
1074,79,3
1074,80,2
1074,81,1
1075,28,3
1075,29,2
1075,30,1
1076,37,1
1076,38,3
1076,39,2
1077,73,2
1077,74,1
1077,75,3
1078,34,1
1078,35,3
1078,36,2
1079,7,1
1079,8,3
1079,9,2
1080,19,2
1080,20,1
1080,21,3
1081,10,1
1081,11,3
1081,12,2
1082,82,3
1082,83,2
1082,84,1
1083,64,1
1083,65,3
1083,66,2
1084,46,1
1084,47,3
1084,48,2
1085,73,1
1085,74,2
1085,75,3
1086,28,2
1086,29,1
1086,30,3
1087,58,3
1087,59,1
1087,60,2
1088,40,3
1088,41,1
1088,42,2
1089,4,3
1089,5,2
1089,6,1
1090,85,2
1090,86,3
1090,87,1
1091,46,3
1091,47,1
1091,48,2
1092,19,2
1092,20,1
1092,21,3
1093,31,3
1093,32,2
1093,33,1
1094,19,3
1094,20,2
1094,21,1
1095,52,2
1095,53,1
1095,54,3
1096,10,2
1096,11,1
1096,12,3
1097,25,2
1097,26,3
1097,27,1
1098,61,2
1098,62,3
1098,63,1
1099,58,3
1099,59,1
1099,60,2
1100,25,3
1100,26,2
1100,27,1
1101,4,3
1101,5,1
1101,6,2
1102,79,3
1102,80,1
1102,81,2
1103,46,2
1103,47,3
1103,48,1
1104,52,3
1104,53,1
1104,54,2
1105,64,1
1105,65,3
1105,66,2
1106,40,3
1106,41,1
1106,42,2
1107,28,2
1107,29,1
1107,30,3
1108,22,3
1108,23,1
1108,24,2
1109,49,1
1109,50,2
1109,51,3
1110,52,2
1110,53,3
1110,54,1
1111,67,3
1111,68,1
1111,69,2
1112,58,2
1112,59,3
1112,60,1
1113,40,1
1113,41,2
1113,42,3
1114,10,2
1114,11,3
1114,12,1
1115,13,2
1115,14,3
1115,15,1
1116,37,2
1116,38,3
1116,39,1
1117,46,3
1117,47,1
1117,48,2
1118,70,3
1118,71,2
1118,72,1
1119,61,1
1119,62,3
1119,63,2
1120,43,2
1120,44,3
1120,45,1
1121,13,3
1121,14,2
1121,15,1
1122,37,2
1122,38,1
1122,39,3
1123,82,2
1123,83,1
1123,84,3
1124,76,2
1124,77,1
1124,78,3
1125,19,2
1125,20,3
1125,21,1
1126,73,3
1126,74,1
1126,75,2
1127,49,2
1127,50,3
1127,51,1
1128,64,2
1128,65,3
1128,66,1
1129,67,2
1129,68,3
1129,69,1
1130,31,1
1130,32,3
1130,33,2
1131,10,3
1131,11,2
1131,12,1
1132,28,3
1132,29,2
1132,30,1
1133,7,2
1133,8,3
1133,9,1
1134,43,3
1134,44,2
1134,45,1
1135,4,3
1135,5,1
1135,6,2
1136,70,2
1136,71,3
1136,72,1
1137,58,2
1137,59,1
1137,60,3
1138,82,3
1138,83,2
1138,84,1
1139,25,2
1139,26,3
1139,27,1
1140,46,2
1140,47,3
1140,48,1
1141,37,2
1141,38,3
1141,39,1
1142,7,2
1142,8,1
1142,9,3
1143,16,3
1143,17,1
1143,18,2
1144,79,2
1144,80,3
1144,81,1
1145,7,1
1145,8,3
1145,9,2
1146,31,3
1146,32,2
1146,33,1
1147,52,1
1147,53,2
1147,54,3
1148,28,3
1148,29,1
1148,30,2
1149,25,3
1149,26,1
1149,27,2
1150,64,1
1150,65,3
1150,66,2
1151,40,1
1151,41,3
1151,42,2
1152,25,3
1152,26,1
1152,27,2
1153,13,2
1153,14,1
1153,15,3
1154,40,1
1154,41,2
1154,42,3
1155,70,2
1155,71,1
1155,72,3
1156,43,1
1156,44,3
1156,45,2
1157,19,3
1157,20,1
1157,21,2
1158,16,2
1158,17,3
1158,18,1
1159,49,2
1159,50,1
1159,51,3
1160,7,2
1160,8,1
1160,9,3
1161,22,1
1161,23,3
1161,24,2
1162,70,2
1162,71,3
1162,72,1
1163,37,1
1163,38,2
1163,39,3
1164,58,1
1164,59,2
1164,60,3
1165,16,3
1165,17,1
1165,18,2
1166,64,3
1166,65,2
1166,66,1
1167,43,1
1167,44,2
1167,45,3
1168,55,1
1168,56,3
1168,57,2
1169,10,1
1169,11,2
1169,12,3
1170,67,2
1170,68,3
1170,69,1
1171,4,1
1171,5,2
1171,6,3
1172,7,1
1172,8,3
1172,9,2
1173,76,2
1173,77,1
1173,78,3
1174,31,1
1174,32,3
1174,33,2
1175,19,2
1175,20,1
1175,21,3
1176,25,1
1176,26,3
1176,27,2
1177,76,1
1177,77,2
1177,78,3
1178,49,1
1178,50,2
1178,51,3
1179,67,2
1179,68,3
1179,69,1
1180,28,2
1180,29,1
1180,30,3
1181,79,2
1181,80,3
1181,81,1
1182,61,1
1182,62,3
1182,63,2
1183,76,3
1183,77,2
1183,78,1
1184,7,1
1184,8,3
1184,9,2
1185,76,2
1185,77,3
1185,78,1
1186,64,3
1186,65,2
1186,66,1
1187,61,1
1187,62,3
1187,63,2
1188,28,2
1188,29,1
1188,30,3
1189,70,1
1189,71,2
1189,72,3
1190,37,3
1190,38,2
1190,39,1
1191,40,1
1191,41,2
1191,42,3
1192,34,3
1192,35,2
1192,36,1
1193,76,2
1193,77,1
1193,78,3
1194,46,1
1194,47,2
1194,48,3
1195,79,2
1195,80,3
1195,81,1
1196,43,1
1196,44,2
1196,45,3
1197,22,1
1197,23,2
1197,24,3
1198,10,2
1198,11,1
1198,12,3
1199,58,3
1199,59,2
1199,60,1
1200,61,1
1200,62,2
1200,63,3
1201,67,2
1201,68,1
1201,69,3
1202,22,3
1202,23,1
1202,24,2
1203,73,2
1203,74,1
1203,75,3
1204,85,2
1204,86,3
1204,87,1
1205,13,2
1205,14,1
1205,15,3
1206,31,2
1206,32,1
1206,33,3
1207,22,3
1207,23,2
1207,24,1
1208,43,3
1208,44,2
1208,45,1
1209,7,1
1209,8,2
1209,9,3
1210,37,2
1210,38,3
1210,39,1
1211,13,3
1211,14,1
1211,15,2
1212,31,1
1212,32,2
1212,33,3
1213,43,2
1213,44,3
1213,45,1
1214,58,2
1214,59,1
1214,60,3
1215,37,1
1215,38,2
1215,39,3
1216,46,1
1216,47,3
1216,48,2
1217,28,1
1217,29,3
1217,30,2
1218,40,2
1218,41,1
1218,42,3
1219,22,3
1219,23,1
1219,24,2
1220,52,1
1220,53,2
1220,54,3
1221,40,3
1221,41,1
1221,42,2
1222,43,2
1222,44,1
1222,45,3
1223,70,3
1223,71,1
1223,72,2
1224,25,2
1224,26,1
1224,27,3
1225,28,3
1225,29,1
1225,30,2
1226,28,2
1226,29,1
1226,30,3
1227,46,1
1227,47,2
1227,48,3
1228,13,2
1228,14,1
1228,15,3
1229,28,3
1229,29,2
1229,30,1
1230,58,2
1230,59,1
1230,60,3
1231,55,2
1231,56,3
1231,57,1
1232,46,1
1232,47,2
1232,48,3
1233,82,2
1233,83,3
1233,84,1
1234,61,3
1234,62,1
1234,63,2
1235,13,1
1235,14,2
1235,15,3
1236,70,2
1236,71,3
1236,72,1
1237,70,1
1237,71,2
1237,72,3
1238,82,3
1238,83,2
1238,84,1
1239,61,2
1239,62,3
1239,63,1
1240,37,3
1240,38,1
1240,39,2
1241,58,3
1241,59,1
1241,60,2
1242,10,1
1242,11,3
1242,12,2
1243,40,2
1243,41,3
1243,42,1
1244,16,3
1244,17,2
1244,18,1
1245,64,2
1245,65,3
1245,66,1
1246,82,3
1246,83,1
1246,84,2
1247,28,2
1247,29,1
1247,30,3
1248,16,3
1248,17,1
1248,18,2
1249,70,3
1249,71,1
1249,72,2
1250,31,2
1250,32,3
1250,33,1
1251,43,2
1251,44,1
1251,45,3
1252,52,3
1252,53,2
1252,54,1
1253,10,2
1253,11,3
1253,12,1
1254,22,3
1254,23,2
1254,24,1
1255,22,1
1255,23,2
1255,24,3
1256,73,3
1256,74,1
1256,75,2
1257,46,3
1257,47,2
1257,48,1
1258,52,3
1258,53,1
1258,54,2
1259,70,2
1259,71,1
1259,72,3
1260,58,3
1260,59,2
1260,60,1
1261,79,2
1261,80,3
1261,81,1
1262,43,1
1262,44,2
1262,45,3
1263,49,3
1263,50,1
1263,51,2
1264,13,3
1264,14,2
1264,15,1
1265,28,3
1265,29,2
1265,30,1
1266,22,1
1266,23,3
1266,24,2
1267,67,1
1267,68,2
1267,69,3
1268,46,3
1268,47,1
1268,48,2
1269,4,1
1269,5,2
1269,6,3
1270,70,3
1270,71,2
1270,72,1
1271,52,2
1271,53,1
1271,54,3
1272,40,2
1272,41,3
1272,42,1
1273,70,3
1273,71,2
1273,72,1
1274,37,1
1274,38,2
1274,39,3
1275,64,2
1275,65,3
1275,66,1
1276,1,1
1276,2,2
1276,3,3
1277,40,2
1277,41,1
1277,42,3
1278,70,2
1278,71,1
1278,72,3
1279,76,3
1279,77,2
1279,78,1
1280,46,2
1280,47,3
1280,48,1
1281,55,2
1281,56,3
1281,57,1
1282,82,2
1282,83,3
1282,84,1
1283,37,1
1283,38,2
1283,39,3
1284,67,1
1284,68,2
1284,69,3
1285,25,1
1285,26,2
1285,27,3
1286,31,1
1286,32,3
1286,33,2
1287,31,1
1287,32,2
1287,33,3
1288,19,1
1288,20,2
1288,21,3
1289,22,1
1289,23,2
1289,24,3
1290,58,1
1290,59,2
1290,60,3
1291,1,2
1291,2,1
1291,3,3
1292,52,1
1292,53,2
1292,54,3
1293,22,1
1293,23,2
1293,24,3
1294,79,2
1294,80,1
1294,81,3
1295,79,2
1295,80,1
1295,81,3
1296,7,2
1296,8,3
1296,9,1
1297,85,1
1297,86,3
1297,87,2
1298,46,3
1298,47,1
1298,48,2
1299,55,1
1299,56,2
1299,57,3
1300,7,2
1300,8,3
1300,9,1
1301,52,2
1301,53,1
1301,54,3
1302,58,1
1302,59,2
1302,60,3
1303,46,1
1303,47,2
1303,48,3
1304,52,2
1304,53,3
1304,54,1
1305,1,3
1305,2,2
1305,3,1
1306,64,3
1306,65,1
1306,66,2
1307,28,3
1307,29,2
1307,30,1
1308,85,2
1308,86,1
1308,87,3
1309,85,3
1309,86,2
1309,87,1
1310,7,1
1310,8,2
1310,9,3
1311,22,1
1311,23,3
1311,24,2
1312,34,1
1312,35,2
1312,36,3
1313,79,2
1313,80,1
1313,81,3
1314,40,2
1314,41,1
1314,42,3
1315,61,1
1315,62,3
1315,63,2
1316,49,2
1316,50,3
1316,51,1
1317,58,2
1317,59,3
1317,60,1
1318,70,2
1318,71,3
1318,72,1
1319,52,1
1319,53,3
1319,54,2
1320,16,1
1320,17,3
1320,18,2
1321,79,2
1321,80,3
1321,81,1
1322,43,3
1322,44,1
1322,45,2
1323,28,1
1323,29,2
1323,30,3
1324,31,2
1324,32,1
1324,33,3
1325,37,2
1325,38,3
1325,39,1
1326,73,2
1326,74,3
1326,75,1
1327,64,3
1327,65,1
1327,66,2
1328,4,3
1328,5,2
1328,6,1
1329,82,1
1329,83,2
1329,84,3
1330,46,3
1330,47,1
1330,48,2
1331,52,2
1331,53,1
1331,54,3
1332,61,3
1332,62,1
1332,63,2
1333,49,3
1333,50,2
1333,51,1
1334,40,2
1334,41,1
1334,42,3
1335,25,3
1335,26,1
1335,27,2
1336,70,2
1336,71,3
1336,72,1
1337,58,3
1337,59,2
1337,60,1
1338,10,3
1338,11,2
1338,12,1
1339,4,3
1339,5,1
1339,6,2
1340,82,3
1340,83,2
1340,84,1
1341,4,1
1341,5,2
1341,6,3
1342,49,2
1342,50,3
1342,51,1
1343,70,3
1343,71,2
1343,72,1
1344,67,2
1344,68,1
1344,69,3
1345,31,2
1345,32,3
1345,33,1
1346,58,1
1346,59,2
1346,60,3
1347,85,3
1347,86,2
1347,87,1
1348,25,3
1348,26,1
1348,27,2
1349,82,2
1349,83,3
1349,84,1
1350,64,2
1350,65,1
1350,66,3
1351,76,3
1351,77,2
1351,78,1
1352,22,2
1352,23,3
1352,24,1
1353,52,2
1353,53,1
1353,54,3
1354,37,2
1354,38,1
1354,39,3
1355,79,1
1355,80,2
1355,81,3
1356,1,1
1356,2,2
1356,3,3
1357,25,1
1357,26,3
1357,27,2
1358,46,1
1358,47,3
1358,48,2
1359,61,1
1359,62,2
1359,63,3
1360,58,2
1360,59,1
1360,60,3
1361,19,2
1361,20,3
1361,21,1
1362,76,2
1362,77,1
1362,78,3
1363,1,3
1363,2,1
1363,3,2
1364,43,2
1364,44,3
1364,45,1
1365,61,1
1365,62,3
1365,63,2
1366,43,3
1366,44,2
1366,45,1
1367,55,3
1367,56,2
1367,57,1
1368,34,2
1368,35,1
1368,36,3
1369,13,2
1369,14,1
1369,15,3
1370,34,3
1370,35,2
1370,36,1
1371,58,2
1371,59,1
1371,60,3
1372,49,2
1372,50,3
1372,51,1
1373,25,2
1373,26,1
1373,27,3
1374,73,1
1374,74,3
1374,75,2
1375,22,1
1375,23,3
1375,24,2
1376,76,3
1376,77,2
1376,78,1
1377,79,2
1377,80,1
1377,81,3
1378,10,1
1378,11,3
1378,12,2
1379,37,2
1379,38,1
1379,39,3
1380,16,1
1380,17,2
1380,18,3
1381,28,2
1381,29,1
1381,30,3
1382,61,2
1382,62,3
1382,63,1
1383,37,3
1383,38,2
1383,39,1
1384,64,3
1384,65,2
1384,66,1
1385,79,3
1385,80,2
1385,81,1
1386,25,1
1386,26,2
1386,27,3
1387,46,1
1387,47,2
1387,48,3
1388,25,3
1388,26,2
1388,27,1
1389,70,3
1389,71,1
1389,72,2
1390,1,3
1390,2,1
1390,3,2
1391,79,3
1391,80,2
1391,81,1
1392,43,3
1392,44,2
1392,45,1
1393,19,2
1393,20,3
1393,21,1
1394,13,3
1394,14,1
1394,15,2
1395,22,3
1395,23,2
1395,24,1
1396,40,1
1396,41,3
1396,42,2
1397,85,1
1397,86,3
1397,87,2
1398,52,3
1398,53,2
1398,54,1
1399,46,2
1399,47,3
1399,48,1
1400,7,3
1400,8,2
1400,9,1
1401,73,1
1401,74,3
1401,75,2
1402,4,2
1402,5,1
1402,6,3
1403,34,2
1403,35,3
1403,36,1
1404,61,3
1404,62,2
1404,63,1
1405,73,3
1405,74,1
1405,75,2
1406,1,3
1406,2,1
1406,3,2
1407,10,2
1407,11,1
1407,12,3
1408,37,2
1408,38,1
1408,39,3
1409,43,1
1409,44,2
1409,45,3
1410,25,3
1410,26,2
1410,27,1
1411,67,2
1411,68,3
1411,69,1
1412,49,1
1412,50,2
1412,51,3
1413,79,2
1413,80,3
1413,81,1
1414,22,2
1414,23,1
1414,24,3
1415,13,1
1415,14,3
1415,15,2
1416,25,1
1416,26,2
1416,27,3
1417,1,2
1417,2,3
1417,3,1
1418,43,2
1418,44,1
1418,45,3
1419,46,2
1419,47,1
1419,48,3
1420,7,1
1420,8,3
1420,9,2
1421,4,3
1421,5,1
1421,6,2
1422,67,3
1422,68,2
1422,69,1
1423,70,1
1423,71,2
1423,72,3
1424,13,2
1424,14,3
1424,15,1
1425,31,1
1425,32,3
1425,33,2
1426,43,2
1426,44,1
1426,45,3
1427,4,3
1427,5,1
1427,6,2
1428,58,1
1428,59,2
1428,60,3
1429,40,2
1429,41,1
1429,42,3
1430,61,1
1430,62,3
1430,63,2
1431,1,1
1431,2,3
1431,3,2
1432,82,1
1432,83,2
1432,84,3
1433,7,3
1433,8,2
1433,9,1
1434,40,3
1434,41,2
1434,42,1
1435,13,1
1435,14,3
1435,15,2
1436,31,2
1436,32,3
1436,33,1
1437,82,1
1437,83,3
1437,84,2
1438,76,2
1438,77,1
1438,78,3
1439,22,3
1439,23,1
1439,24,2
1440,58,2
1440,59,3
1440,60,1
1441,67,2
1441,68,1
1441,69,3
1442,4,1
1442,5,3
1442,6,2
1443,58,1
1443,59,3
1443,60,2
1444,49,1
1444,50,3
1444,51,2
1445,4,1
1445,5,2
1445,6,3
1446,10,1
1446,11,2
1446,12,3
1447,73,3
1447,74,2
1447,75,1
1448,79,1
1448,80,2
1448,81,3
1449,64,1
1449,65,2
1449,66,3
1450,49,3
1450,50,1
1450,51,2
1451,46,3
1451,47,1
1451,48,2
1452,31,3
1452,32,2
1452,33,1
1453,25,3
1453,26,2
1453,27,1
1454,82,3
1454,83,2
1454,84,1
1455,46,2
1455,47,1
1455,48,3
1456,55,3
1456,56,1
1456,57,2
1457,46,2
1457,47,3
1457,48,1
1458,25,3
1458,26,1
1458,27,2
1459,10,3
1459,11,2
1459,12,1
1460,4,3
1460,5,2
1460,6,1
1461,28,1
1461,29,2
1461,30,3
1462,61,3
1462,62,1
1462,63,2
1463,73,1
1463,74,2
1463,75,3
1464,70,2
1464,71,1
1464,72,3
1465,58,2
1465,59,1
1465,60,3
1466,28,3
1466,29,2
1466,30,1
1467,16,2
1467,17,1
1467,18,3
1468,79,3
1468,80,2
1468,81,1
1469,13,2
1469,14,3
1469,15,1
1470,85,3
1470,86,2
1470,87,1
1471,34,1
1471,35,2
1471,36,3
1472,4,1
1472,5,2
1472,6,3
1473,19,3
1473,20,2
1473,21,1
1474,61,1
1474,62,2
1474,63,3
1475,64,1
1475,65,3
1475,66,2
1476,10,3
1476,11,2
1476,12,1
1477,37,1
1477,38,2
1477,39,3
1478,76,3
1478,77,1
1478,78,2
1479,22,2
1479,23,1
1479,24,3
1480,34,2
1480,35,3
1480,36,1
1481,40,3
1481,41,1
1481,42,2
1482,31,2
1482,32,3
1482,33,1
1483,67,3
1483,68,1
1483,69,2
1484,85,2
1484,86,3
1484,87,1
1485,22,1
1485,23,3
1485,24,2
1486,13,3
1486,14,1
1486,15,2
1487,43,2
1487,44,1
1487,45,3
1488,4,2
1488,5,1
1488,6,3
1489,49,2
1489,50,3
1489,51,1
1490,28,2
1490,29,3
1490,30,1
1491,10,3
1491,11,1
1491,12,2
1492,73,2
1492,74,3
1492,75,1
1493,82,3
1493,83,1
1493,84,2
1494,37,3
1494,38,2
1494,39,1
1495,10,1
1495,11,3
1495,12,2
1496,34,1
1496,35,3
1496,36,2
1497,22,2
1497,23,1
1497,24,3
1498,37,2
1498,38,3
1498,39,1
1499,25,1
1499,26,3
1499,27,2
1500,70,2
1500,71,1
1500,72,3
1501,34,1
1501,35,3
1501,36,2
1502,25,3
1502,26,2
1502,27,1
1503,43,1
1503,44,2
1503,45,3
1504,1,2
1504,2,3
1504,3,1
1505,25,3
1505,26,2
1505,27,1
1506,22,2
1506,23,1
1506,24,3
1507,67,1
1507,68,2
1507,69,3
1508,7,1
1508,8,2
1508,9,3
1509,55,2
1509,56,1
1509,57,3
1510,31,2
1510,32,1
1510,33,3
1511,64,3
1511,65,2
1511,66,1
1512,49,2
1512,50,3
1512,51,1
1513,16,1
1513,17,2
1513,18,3
1514,55,2
1514,56,1
1514,57,3
1515,10,2
1515,11,1
1515,12,3
1516,52,1
1516,53,2
1516,54,3
1517,25,1
1517,26,2
1517,27,3
1518,4,1
1518,5,2
1518,6,3
1519,13,1
1519,14,2
1519,15,3
1520,28,2
1520,29,1
1520,30,3
1521,67,3
1521,68,2
1521,69,1
1522,34,1
1522,35,3
1522,36,2
1523,16,1
1523,17,3
1523,18,2
1524,1,1
1524,2,2
1524,3,3
1525,7,2
1525,8,1
1525,9,3
1526,61,1
1526,62,3
1526,63,2
1527,22,2
1527,23,1
1527,24,3
1528,61,1
1528,62,3
1528,63,2
1529,19,3
1529,20,1
1529,21,2
1530,7,2
1530,8,1
1530,9,3
1531,70,1
1531,71,3
1531,72,2
1532,7,2
1532,8,3
1532,9,1
1533,82,1
1533,83,3
1533,84,2
1534,67,1
1534,68,2
1534,69,3
1535,13,3
1535,14,2
1535,15,1
1536,1,3
1536,2,1
1536,3,2
1537,13,2
1537,14,1
1537,15,3
1538,55,2
1538,56,3
1538,57,1
1539,37,1
1539,38,3
1539,39,2
1540,1,1
1540,2,2
1540,3,3
1541,4,2
1541,5,3
1541,6,1
1542,13,1
1542,14,2
1542,15,3
1543,25,2
1543,26,3
1543,27,1
1544,31,2
1544,32,3
1544,33,1
1545,1,2
1545,2,3
1545,3,1
1546,31,2
1546,32,3
1546,33,1
1547,55,2
1547,56,1
1547,57,3
1548,25,3
1548,26,1
1548,27,2
1549,4,2
1549,5,1
1549,6,3
1550,82,1
1550,83,2
1550,84,3
1551,34,2
1551,35,3
1551,36,1
1552,79,3
1552,80,2
1552,81,1
1553,4,1
1553,5,3
1553,6,2
1554,64,3
1554,65,1
1554,66,2
1555,7,3
1555,8,2
1555,9,1
1556,4,2
1556,5,1
1556,6,3
1557,79,1
1557,80,2
1557,81,3
1558,85,2
1558,86,3
1558,87,1
1559,61,2
1559,62,3
1559,63,1
1560,46,1
1560,47,2
1560,48,3
1561,55,1
1561,56,2
1561,57,3
1562,64,1
1562,65,3
1562,66,2
1563,43,2
1563,44,3
1563,45,1
1564,10,3
1564,11,1
1564,12,2
1565,40,2
1565,41,1
1565,42,3
1566,10,2
1566,11,3
1566,12,1
1567,4,2
1567,5,1
1567,6,3
1568,82,1
1568,83,2
1568,84,3
1569,37,1
1569,38,3
1569,39,2
1570,19,2
1570,20,1
1570,21,3
1571,49,2
1571,50,1
1571,51,3
1572,46,1
1572,47,2
1572,48,3
1573,31,2
1573,32,1
1573,33,3
1574,25,1
1574,26,2
1574,27,3
1575,22,3
1575,23,2
1575,24,1
1576,55,1
1576,56,3
1576,57,2
1577,85,1
1577,86,3
1577,87,2
1578,22,2
1578,23,1
1578,24,3
1579,31,1
1579,32,2
1579,33,3
1580,4,1
1580,5,3
1580,6,2
1581,55,2
1581,56,1
1581,57,3
1582,70,1
1582,71,3
1582,72,2
1583,40,3
1583,41,1
1583,42,2
1584,64,3
1584,65,2
1584,66,1
1585,61,1
1585,62,3
1585,63,2
1586,52,1
1586,53,2
1586,54,3
1587,64,3
1587,65,2
1587,66,1
1588,4,3
1588,5,2
1588,6,1
1589,70,3
1589,71,2
1589,72,1
1590,82,2
1590,83,1
1590,84,3
1591,55,2
1591,56,1
1591,57,3
1592,76,2
1592,77,3
1592,78,1
1593,7,3
1593,8,2
1593,9,1
1594,73,1
1594,74,2
1594,75,3
1595,10,3
1595,11,1
1595,12,2
1596,70,3
1596,71,1
1596,72,2
1597,70,2
1597,71,1
1597,72,3
1598,64,1
1598,65,3
1598,66,2
1599,25,2
1599,26,3
1599,27,1
1600,67,2
1600,68,1
1600,69,3
1601,28,1
1601,29,2
1601,30,3
1602,52,3
1602,53,1
1602,54,2
1603,70,1
1603,71,2
1603,72,3
1604,40,3
1604,41,2
1604,42,1
1605,64,3
1605,65,2
1605,66,1
1606,85,2
1606,86,3
1606,87,1
1607,52,2
1607,53,3
1607,54,1
1608,85,3
1608,86,1
1608,87,2
1609,28,2
1609,29,3
1609,30,1
1610,73,2
1610,74,3
1610,75,1
1611,67,3
1611,68,1
1611,69,2
1612,61,2
1612,62,3
1612,63,1
1613,4,3
1613,5,2
1613,6,1
1614,16,1
1614,17,2
1614,18,3
1615,13,1
1615,14,2
1615,15,3
1616,55,3
1616,56,1
1616,57,2
1617,64,2
1617,65,3
1617,66,1
1618,13,2
1618,14,3
1618,15,1
1619,43,3
1619,44,2
1619,45,1
1620,55,1
1620,56,3
1620,57,2
1621,37,3
1621,38,1
1621,39,2
1622,73,1
1622,74,3
1622,75,2
1623,13,3
1623,14,2
1623,15,1
1624,34,3
1624,35,2
1624,36,1
1625,19,1
1625,20,2
1625,21,3
1626,34,1
1626,35,3
1626,36,2
1627,1,2
1627,2,1
1627,3,3
1628,55,3
1628,56,1
1628,57,2
1629,70,2
1629,71,1
1629,72,3
1630,85,3
1630,86,2
1630,87,1
1631,49,3
1631,50,2
1631,51,1
1632,76,1
1632,77,2
1632,78,3
1633,79,2
1633,80,1
1633,81,3
1634,13,2
1634,14,3
1634,15,1
1635,73,2
1635,74,1
1635,75,3
1636,67,2
1636,68,1
1636,69,3
1637,52,1
1637,53,3
1637,54,2
1638,19,3
1638,20,1
1638,21,2
1639,19,2
1639,20,1
1639,21,3
1640,10,1
1640,11,2
1640,12,3
1641,7,2
1641,8,3
1641,9,1
1642,19,2
1642,20,1
1642,21,3
1643,76,3
1643,77,2
1643,78,1
1644,22,3
1644,23,1
1644,24,2
1645,4,1
1645,5,2
1645,6,3
1646,28,3
1646,29,1
1646,30,2
1647,13,3
1647,14,2
1647,15,1
1648,10,1
1648,11,3
1648,12,2
1649,73,3
1649,74,2
1649,75,1
1650,25,2
1650,26,3
1650,27,1
1651,61,3
1651,62,1
1651,63,2
1652,34,1
1652,35,3
1652,36,2
1653,76,1
1653,77,2
1653,78,3
1654,25,1
1654,26,3
1654,27,2
1655,19,2
1655,20,1
1655,21,3
1656,10,3
1656,11,1
1656,12,2
1657,1,3
1657,2,2
1657,3,1
1658,4,3
1658,5,1
1658,6,2
1659,28,1
1659,29,2
1659,30,3
1660,19,2
1660,20,3
1660,21,1
1661,40,2
1661,41,1
1661,42,3
1662,37,2
1662,38,1
1662,39,3
1663,40,3
1663,41,2
1663,42,1
1664,82,3
1664,83,2
1664,84,1
1665,73,1
1665,74,3
1665,75,2
1666,46,1
1666,47,2
1666,48,3
1667,43,2
1667,44,1
1667,45,3
1668,7,1
1668,8,2
1668,9,3
1669,82,2
1669,83,1
1669,84,3
1670,46,2
1670,47,1
1670,48,3
1671,49,1
1671,50,2
1671,51,3
1672,31,3
1672,32,1
1672,33,2
1673,61,1
1673,62,2
1673,63,3
1674,67,1
1674,68,2
1674,69,3
1675,1,3
1675,2,2
1675,3,1
1676,4,2
1676,5,3
1676,6,1
1677,25,1
1677,26,3
1677,27,2
1678,34,2
1678,35,1
1678,36,3
1679,1,3
1679,2,2
1679,3,1
1680,85,2
1680,86,3
1680,87,1
1681,70,2
1681,71,3
1681,72,1
1682,1,2
1682,2,3
1682,3,1
1683,43,2
1683,44,1
1683,45,3
1684,37,3
1684,38,2
1684,39,1
1685,52,2
1685,53,1
1685,54,3
1686,70,2
1686,71,1
1686,72,3
1687,40,1
1687,41,2
1687,42,3
1688,28,3
1688,29,1
1688,30,2
1689,82,3
1689,83,2
1689,84,1
1690,61,1
1690,62,2
1690,63,3
1691,7,1
1691,8,3
1691,9,2
1692,31,3
1692,32,2
1692,33,1
1693,40,2
1693,41,1
1693,42,3
1694,58,1
1694,59,3
1694,60,2
1695,40,1
1695,41,2
1695,42,3
1696,28,3
1696,29,1
1696,30,2
1697,73,2
1697,74,3
1697,75,1
1698,16,3
1698,17,2
1698,18,1
1699,37,3
1699,38,1
1699,39,2
1700,58,1
1700,59,3
1700,60,2
1701,55,1
1701,56,2
1701,57,3
1702,85,1
1702,86,2
1702,87,3
1703,46,1
1703,47,3
1703,48,2
1704,25,2
1704,26,3
1704,27,1
1705,52,2
1705,53,3
1705,54,1
1706,76,3
1706,77,2
1706,78,1
1707,31,1
1707,32,2
1707,33,3
1708,85,3
1708,86,1
1708,87,2
1709,37,1
1709,38,2
1709,39,3
1710,10,1
1710,11,2
1710,12,3
1711,67,2
1711,68,1
1711,69,3
1712,49,1
1712,50,2
1712,51,3
1713,16,3
1713,17,2
1713,18,1
1714,7,1
1714,8,3
1714,9,2
1715,4,3
1715,5,2
1715,6,1
1716,76,3
1716,77,2
1716,78,1
1717,43,3
1717,44,2
1717,45,1
1718,55,2
1718,56,1
1718,57,3
1719,76,1
1719,77,3
1719,78,2
1720,85,2
1720,86,1
1720,87,3
1721,28,2
1721,29,3
1721,30,1
1722,16,2
1722,17,3
1722,18,1
1723,34,3
1723,35,1
1723,36,2
1724,19,1
1724,20,2
1724,21,3
1725,28,1
1725,29,2
1725,30,3
1726,73,1
1726,74,2
1726,75,3
1727,28,2
1727,29,1
1727,30,3
1728,4,3
1728,5,1
1728,6,2
1729,10,3
1729,11,2
1729,12,1
1730,79,2
1730,80,3
1730,81,1
1731,61,3
1731,62,1
1731,63,2
1732,61,1
1732,62,2
1732,63,3
1733,82,2
1733,83,1
1733,84,3
1734,52,2
1734,53,3
1734,54,1
1735,79,2
1735,80,3
1735,81,1
1736,16,2
1736,17,3
1736,18,1
1737,4,3
1737,5,2
1737,6,1
1738,1,3
1738,2,1
1738,3,2
1739,58,3
1739,59,1
1739,60,2
1740,85,2
1740,86,1
1740,87,3
1741,52,1
1741,53,3
1741,54,2
1742,67,3
1742,68,2
1742,69,1
1743,10,3
1743,11,2
1743,12,1
1744,7,1
1744,8,3
1744,9,2
1745,43,2
1745,44,1
1745,45,3
1746,76,2
1746,77,1
1746,78,3
1747,4,3
1747,5,1
1747,6,2
1748,58,3
1748,59,2
1748,60,1
1749,16,1
1749,17,3
1749,18,2
1750,76,1
1750,77,3
1750,78,2
1751,40,3
1751,41,2
1751,42,1
1752,58,2
1752,59,3
1752,60,1
1753,1,2
1753,2,1
1753,3,3
1754,10,2
1754,11,1
1754,12,3
1755,52,2
1755,53,3
1755,54,1
1756,79,3
1756,80,1
1756,81,2
1757,13,2
1757,14,3
1757,15,1
1758,22,1
1758,23,2
1758,24,3
1759,52,1
1759,53,2
1759,54,3
1760,76,1
1760,77,2
1760,78,3
1761,28,2
1761,29,1
1761,30,3
1762,79,2
1762,80,1
1762,81,3
1763,16,3
1763,17,2
1763,18,1
1764,70,3
1764,71,2
1764,72,1
1765,52,2
1765,53,3
1765,54,1
1766,52,1
1766,53,3
1766,54,2
1767,4,2
1767,5,1
1767,6,3
1768,61,2
1768,62,1
1768,63,3
1769,40,2
1769,41,1
1769,42,3
1770,73,2
1770,74,3
1770,75,1
1771,31,3
1771,32,1
1771,33,2
1772,55,3
1772,56,1
1772,57,2
1773,73,2
1773,74,3
1773,75,1
1774,64,2
1774,65,1
1774,66,3
1775,31,3
1775,32,2
1775,33,1
1776,52,1
1776,53,2
1776,54,3
1777,73,2
1777,74,1
1777,75,3
1778,19,2
1778,20,3
1778,21,1
1779,67,1
1779,68,3
1779,69,2
1780,37,2
1780,38,1
1780,39,3
1781,79,3
1781,80,2
1781,81,1
1782,37,3
1782,38,1
1782,39,2
1783,61,2
1783,62,1
1783,63,3
1784,55,1
1784,56,3
1784,57,2
1785,7,1
1785,8,3
1785,9,2
1786,76,2
1786,77,3
1786,78,1
1787,76,2
1787,77,3
1787,78,1
1788,85,2
1788,86,3
1788,87,1
1789,73,3
1789,74,2
1789,75,1
1790,61,1
1790,62,3
1790,63,2
1791,40,2
1791,41,1
1791,42,3
1792,10,2
1792,11,3
1792,12,1
1793,28,2
1793,29,1
1793,30,3
1794,49,2
1794,50,3
1794,51,1
1795,28,1
1795,29,3
1795,30,2
1796,46,1
1796,47,2
1796,48,3
1797,76,2
1797,77,3
1797,78,1
1798,37,2
1798,38,1
1798,39,3
1799,7,3
1799,8,1
1799,9,2
1800,52,3
1800,53,1
1800,54,2
1801,85,3
1801,86,1
1801,87,2
1802,76,1
1802,77,2
1802,78,3
1803,22,1
1803,23,2
1803,24,3
1804,13,3
1804,14,2
1804,15,1
1805,52,2
1805,53,1
1805,54,3
1806,28,2
1806,29,1
1806,30,3
1807,70,3
1807,71,2
1807,72,1
1808,82,3
1808,83,1
1808,84,2
1809,61,1
1809,62,3
1809,63,2
1810,10,3
1810,11,2
1810,12,1
1811,58,3
1811,59,1
1811,60,2
1812,25,1
1812,26,3
1812,27,2
1813,34,2
1813,35,1
1813,36,3
1814,52,2
1814,53,3
1814,54,1
1815,49,1
1815,50,3
1815,51,2
1816,16,2
1816,17,3
1816,18,1
1817,46,2
1817,47,3
1817,48,1
1818,49,1
1818,50,3
1818,51,2
1819,85,2
1819,86,1
1819,87,3
1820,67,2
1820,68,3
1820,69,1
1821,79,1
1821,80,2
1821,81,3
1822,1,2
1822,2,1
1822,3,3
1823,73,1
1823,74,3
1823,75,2
1824,7,3
1824,8,2
1824,9,1
1825,58,3
1825,59,1
1825,60,2
1826,64,1
1826,65,2
1826,66,3
1827,16,3
1827,17,1
1827,18,2
1828,37,2
1828,38,1
1828,39,3
1829,67,1
1829,68,2
1829,69,3
1830,43,2
1830,44,1
1830,45,3
1831,37,3
1831,38,1
1831,39,2
1832,25,1
1832,26,2
1832,27,3
1833,28,2
1833,29,3
1833,30,1
1834,4,1
1834,5,3
1834,6,2
1835,1,3
1835,2,2
1835,3,1
1836,70,3
1836,71,1
1836,72,2
1837,40,2
1837,41,1
1837,42,3
1838,46,1
1838,47,3
1838,48,2
1839,76,1
1839,77,3
1839,78,2
1840,34,1
1840,35,3
1840,36,2
1841,43,2
1841,44,1
1841,45,3
1842,28,3
1842,29,1
1842,30,2
1843,22,3
1843,23,2
1843,24,1
1844,4,2
1844,5,1
1844,6,3
1845,46,3
1845,47,1
1845,48,2
1846,1,3
1846,2,1
1846,3,2
1847,7,1
1847,8,2
1847,9,3
1848,10,3
1848,11,1
1848,12,2
1849,34,2
1849,35,3
1849,36,1
1850,25,3
1850,26,2
1850,27,1
1851,70,1
1851,71,2
1851,72,3
1852,52,3
1852,53,1
1852,54,2
1853,31,2
1853,32,1
1853,33,3
1854,73,2
1854,74,1
1854,75,3
1855,31,2
1855,32,1
1855,33,3
1856,55,2
1856,56,1
1856,57,3
1857,70,2
1857,71,3
1857,72,1
1858,16,1
1858,17,2
1858,18,3
1859,58,3
1859,59,1
1859,60,2
1860,82,2
1860,83,3
1860,84,1
1861,40,3
1861,41,1
1861,42,2
1862,49,3
1862,50,2
1862,51,1
1863,7,2
1863,8,1
1863,9,3
1864,55,3
1864,56,1
1864,57,2
1865,85,3
1865,86,1
1865,87,2
1866,82,2
1866,83,3
1866,84,1
1867,16,2
1867,17,3
1867,18,1
1868,19,1
1868,20,3
1868,21,2
1869,55,1
1869,56,2
1869,57,3
1870,37,2
1870,38,3
1870,39,1
1871,22,2
1871,23,3
1871,24,1
1872,25,1
1872,26,2
1872,27,3
1873,58,3
1873,59,1
1873,60,2
1874,43,3
1874,44,2
1874,45,1
1875,73,2
1875,74,3
1875,75,1
1876,25,2
1876,26,1
1876,27,3
1877,49,1
1877,50,2
1877,51,3
1878,40,2
1878,41,3
1878,42,1
1879,79,1
1879,80,3
1879,81,2
1880,10,1
1880,11,2
1880,12,3
1881,34,1
1881,35,2
1881,36,3
1882,22,3
1882,23,2
1882,24,1
1883,58,3
1883,59,1
1883,60,2
1884,31,2
1884,32,3
1884,33,1
1885,10,2
1885,11,3
1885,12,1
1886,19,1
1886,20,2
1886,21,3
1887,10,3
1887,11,2
1887,12,1
1888,34,1
1888,35,3
1888,36,2
1889,7,2
1889,8,3
1889,9,1
1890,49,1
1890,50,3
1890,51,2
1891,64,2
1891,65,3
1891,66,1
1892,76,2
1892,77,1
1892,78,3
1893,55,3
1893,56,2
1893,57,1
1894,13,1
1894,14,3
1894,15,2
1895,49,1
1895,50,3
1895,51,2
1896,64,2
1896,65,3
1896,66,1
1897,82,1
1897,83,2
1897,84,3
1898,16,1
1898,17,2
1898,18,3
1899,7,2
1899,8,1
1899,9,3
1900,13,2
1900,14,3
1900,15,1
1901,16,3
1901,17,1
1901,18,2
1902,34,2
1902,35,3
1902,36,1
1903,73,2
1903,74,1
1903,75,3
1904,19,1
1904,20,3
1904,21,2
1905,22,1
1905,23,2
1905,24,3
1906,76,3
1906,77,1
1906,78,2
1907,76,3
1907,77,1
1907,78,2
1908,52,3
1908,53,1
1908,54,2
1909,73,3
1909,74,2
1909,75,1
1910,28,2
1910,29,3
1910,30,1
1911,37,2
1911,38,3
1911,39,1
1912,4,2
1912,5,3
1912,6,1
1913,13,2
1913,14,1
1913,15,3
1914,31,1
1914,32,2
1914,33,3
1915,43,3
1915,44,1
1915,45,2
1916,73,1
1916,74,3
1916,75,2
1917,82,3
1917,83,1
1917,84,2
1918,4,3
1918,5,2
1918,6,1
1919,82,3
1919,83,1
1919,84,2
1920,34,1
1920,35,2
1920,36,3
1921,37,2
1921,38,1
1921,39,3
1922,52,2
1922,53,3
1922,54,1
1923,19,1
1923,20,2
1923,21,3
1924,28,2
1924,29,3
1924,30,1
1925,46,1
1925,47,3
1925,48,2
1926,40,3
1926,41,1
1926,42,2
1927,28,3
1927,29,2
1927,30,1
1928,67,1
1928,68,2
1928,69,3
1929,52,2
1929,53,3
1929,54,1
1930,16,2
1930,17,3
1930,18,1
1931,55,2
1931,56,1
1931,57,3
1932,31,2
1932,32,1
1932,33,3
1933,19,2
1933,20,3
1933,21,1
1934,82,3
1934,83,2
1934,84,1
1935,58,1
1935,59,3
1935,60,2
1936,34,3
1936,35,2
1936,36,1
1937,76,3
1937,77,1
1937,78,2
1938,46,1
1938,47,2
1938,48,3
1939,1,3
1939,2,2
1939,3,1
1940,28,1
1940,29,2
1940,30,3
1941,13,2
1941,14,1
1941,15,3
1942,10,1
1942,11,3
1942,12,2
1943,40,1
1943,41,2
1943,42,3
1944,19,1
1944,20,2
1944,21,3
1945,16,2
1945,17,3
1945,18,1
1946,4,3
1946,5,1
1946,6,2
1947,34,3
1947,35,1
1947,36,2
1948,67,2
1948,68,3
1948,69,1
1949,46,2
1949,47,1
1949,48,3
1950,10,3
1950,11,2
1950,12,1
1951,13,2
1951,14,1
1951,15,3
1952,28,1
1952,29,2
1952,30,3
1953,58,1
1953,59,3
1953,60,2
1954,28,1
1954,29,3
1954,30,2
1955,73,3
1955,74,2
1955,75,1
1956,16,1
1956,17,3
1956,18,2
1957,28,2
1957,29,3
1957,30,1
1958,43,3
1958,44,1
1958,45,2
1959,85,3
1959,86,2
1959,87,1
1960,13,2
1960,14,3
1960,15,1
1961,67,3
1961,68,2
1961,69,1
1962,61,3
1962,62,1
1962,63,2
1963,22,3
1963,23,1
1963,24,2
1964,10,2
1964,11,3
1964,12,1
1965,19,3
1965,20,1
1965,21,2
1966,64,1
1966,65,2
1966,66,3
1967,79,3
1967,80,2
1967,81,1
1968,85,3
1968,86,1
1968,87,2
1969,10,3
1969,11,2
1969,12,1
1970,31,3
1970,32,2
1970,33,1
1971,43,2
1971,44,3
1971,45,1
1972,43,3
1972,44,1
1972,45,2
1973,19,3
1973,20,2
1973,21,1
1974,52,3
1974,53,1
1974,54,2
1975,79,2
1975,80,3
1975,81,1
1976,40,2
1976,41,1
1976,42,3
1977,85,2
1977,86,3
1977,87,1
1978,13,1
1978,14,3
1978,15,2
1979,37,2
1979,38,1
1979,39,3
1980,40,1
1980,41,2
1980,42,3
1981,61,3
1981,62,2
1981,63,1
1982,64,3
1982,65,1
1982,66,2
1983,79,3
1983,80,1
1983,81,2
1984,49,3
1984,50,1
1984,51,2
1985,10,3
1985,11,2
1985,12,1
1986,67,3
1986,68,2
1986,69,1
1987,13,1
1987,14,2
1987,15,3
1988,16,2
1988,17,3
1988,18,1
1989,55,3
1989,56,2
1989,57,1
1990,10,2
1990,11,3
1990,12,1
1991,16,3
1991,17,2
1991,18,1
1992,25,1
1992,26,3
1992,27,2
1993,4,3
1993,5,1
1993,6,2
1994,16,1
1994,17,3
1994,18,2
1995,1,2
1995,2,3
1995,3,1
1996,49,2
1996,50,1
1996,51,3
1997,64,3
1997,65,2
1997,66,1
1998,61,3
1998,62,2
1998,63,1
1999,10,2
1999,11,1
1999,12,3
2000,52,2
2000,53,3
2000,54,1
2001,1,3
2001,2,2
2001,3,1
2002,37,2
2002,38,3
2002,39,1
2003,25,1
2003,26,3
2003,27,2
2004,64,3
2004,65,2
2004,66,1
2005,22,1
2005,23,3
2005,24,2
2006,16,1
2006,17,2
2006,18,3
2007,82,3
2007,83,1
2007,84,2
2008,16,2
2008,17,1
2008,18,3
2009,61,2
2009,62,1
2009,63,3
2010,79,2
2010,80,1
2010,81,3
2011,43,2
2011,44,1
2011,45,3
2012,58,3
2012,59,1
2012,60,2
2013,73,2
2013,74,3
2013,75,1
2014,28,3
2014,29,2
2014,30,1
2015,22,3
2015,23,2
2015,24,1
2016,67,3
2016,68,2
2016,69,1
2017,79,1
2017,80,2
2017,81,3
2018,73,1
2018,74,2
2018,75,3
2019,4,1
2019,5,2
2019,6,3
2020,79,1
2020,80,3
2020,81,2
2021,16,3
2021,17,1
2021,18,2
2022,13,1
2022,14,2
2022,15,3
2023,52,1
2023,53,3
2023,54,2
2024,28,2
2024,29,1
2024,30,3
2025,85,2
2025,86,3
2025,87,1
2026,67,2
2026,68,1
2026,69,3
2027,22,1
2027,23,2
2027,24,3
2028,85,3
2028,86,1
2028,87,2
2029,67,3
2029,68,1
2029,69,2
2030,70,2
2030,71,3
2030,72,1
2031,7,2
2031,8,3
2031,9,1
2032,52,1
2032,53,2
2032,54,3
2033,16,3
2033,17,2
2033,18,1
2034,4,3
2034,5,2
2034,6,1
2035,46,1
2035,47,3
2035,48,2
2036,28,1
2036,29,2
2036,30,3
2037,4,2
2037,5,3
2037,6,1
2038,70,3
2038,71,2
2038,72,1
2039,37,2
2039,38,3
2039,39,1
2040,73,3
2040,74,2
2040,75,1
2041,7,2
2041,8,1
2041,9,3
2042,58,1
2042,59,2
2042,60,3
2043,64,3
2043,65,2
2043,66,1
2044,70,1
2044,71,3
2044,72,2
2045,31,1
2045,32,2
2045,33,3
2046,46,3
2046,47,1
2046,48,2
2047,37,1
2047,38,2
2047,39,3
2048,76,1
2048,77,3
2048,78,2
2049,55,2
2049,56,3
2049,57,1
2050,40,1
2050,41,3
2050,42,2
2051,46,2
2051,47,3
2051,48,1
2052,49,3
2052,50,1
2052,51,2
2053,82,3
2053,83,1
2053,84,2
2054,46,1
2054,47,3
2054,48,2
2055,55,3
2055,56,2
2055,57,1
2056,25,1
2056,26,2
2056,27,3
2057,4,3
2057,5,2
2057,6,1
2058,79,3
2058,80,2
2058,81,1
2059,22,1
2059,23,3
2059,24,2
2060,70,1
2060,71,3
2060,72,2
2061,82,3
2061,83,1
2061,84,2
2062,19,3
2062,20,2
2062,21,1
2063,61,1
2063,62,3
2063,63,2
2064,73,3
2064,74,1
2064,75,2
2065,82,1
2065,83,2
2065,84,3
2066,10,1
2066,11,3
2066,12,2
2067,79,2
2067,80,1
2067,81,3
2068,52,3
2068,53,2
2068,54,1
2069,52,2
2069,53,1
2069,54,3
2070,49,1
2070,50,3
2070,51,2
2071,55,1
2071,56,2
2071,57,3
2072,64,3
2072,65,2
2072,66,1
2073,70,2
2073,71,3
2073,72,1
2074,22,3
2074,23,2
2074,24,1
2075,73,2
2075,74,3
2075,75,1
2076,25,3
2076,26,1
2076,27,2
2077,1,1
2077,2,3
2077,3,2
2078,16,3
2078,17,1
2078,18,2
2079,10,3
2079,11,1
2079,12,2
2080,64,2
2080,65,1
2080,66,3
2081,82,2
2081,83,3
2081,84,1
2082,49,2
2082,50,3
2082,51,1
2083,64,3
2083,65,1
2083,66,2
2084,67,3
2084,68,1
2084,69,2
2085,25,3
2085,26,1
2085,27,2
2086,46,3
2086,47,2
2086,48,1
2087,25,2
2087,26,1
2087,27,3
2088,40,3
2088,41,2
2088,42,1
2089,43,1
2089,44,3
2089,45,2
2090,55,3
2090,56,2
2090,57,1
2091,28,1
2091,29,3
2091,30,2
2092,31,3
2092,32,2
2092,33,1
2093,70,1
2093,71,3
2093,72,2
2094,64,3
2094,65,1
2094,66,2
2095,37,2
2095,38,1
2095,39,3
2096,79,2
2096,80,3
2096,81,1
2097,19,3
2097,20,2
2097,21,1
2098,10,3
2098,11,2
2098,12,1
2099,82,3
2099,83,2
2099,84,1
2100,64,3
2100,65,2
2100,66,1
2101,85,3
2101,86,2
2101,87,1
2102,82,2
2102,83,3
2102,84,1
2103,31,2
2103,32,1
2103,33,3
2104,49,2
2104,50,1
2104,51,3
2105,85,2
2105,86,3
2105,87,1
2106,43,2
2106,44,3
2106,45,1
2107,19,2
2107,20,3
2107,21,1
2108,19,1
2108,20,2
2108,21,3
2109,43,1
2109,44,2
2109,45,3
2110,61,2
2110,62,3
2110,63,1
2111,64,1
2111,65,2
2111,66,3
2112,73,1
2112,74,3
2112,75,2
2113,10,2
2113,11,3
2113,12,1
2114,4,1
2114,5,3
2114,6,2
2115,37,3
2115,38,2
2115,39,1
2116,16,1
2116,17,2
2116,18,3
2117,58,1
2117,59,2
2117,60,3
2118,7,2
2118,8,3
2118,9,1
2119,10,1
2119,11,2
2119,12,3
2120,7,1
2120,8,2
2120,9,3
2121,22,3
2121,23,1
2121,24,2
2122,49,1
2122,50,2
2122,51,3
2123,64,2
2123,65,1
2123,66,3
2124,10,3
2124,11,1
2124,12,2
2125,61,3
2125,62,1
2125,63,2
2126,28,1
2126,29,3
2126,30,2
2127,25,3
2127,26,1
2127,27,2
2128,43,1
2128,44,2
2128,45,3
2129,82,3
2129,83,1
2129,84,2
2130,76,3
2130,77,1
2130,78,2
2131,19,2
2131,20,1
2131,21,3
2132,40,1
2132,41,3
2132,42,2
2133,25,1
2133,26,3
2133,27,2
2134,43,2
2134,44,1
2134,45,3
2135,16,2
2135,17,3
2135,18,1
2136,25,2
2136,26,1
2136,27,3
2137,55,1
2137,56,3
2137,57,2
2138,34,3
2138,35,2
2138,36,1
2139,28,1
2139,29,2
2139,30,3
2140,1,3
2140,2,2
2140,3,1
2141,58,2
2141,59,3
2141,60,1
2142,43,3
2142,44,2
2142,45,1
2143,61,2
2143,62,1
2143,63,3
2144,46,3
2144,47,2
2144,48,1
2145,31,2
2145,32,1
2145,33,3
2146,58,2
2146,59,1
2146,60,3
2147,4,3
2147,5,2
2147,6,1
2148,64,2
2148,65,3
2148,66,1
2149,7,3
2149,8,2
2149,9,1
2150,76,3
2150,77,2
2150,78,1
2151,79,3
2151,80,1
2151,81,2
2152,7,3
2152,8,2
2152,9,1
2153,82,2
2153,83,3
2153,84,1
2154,58,1
2154,59,3
2154,60,2
2155,43,2
2155,44,3
2155,45,1
2156,70,2
2156,71,1
2156,72,3
2157,19,3
2157,20,1
2157,21,2
2158,10,3
2158,11,1
2158,12,2
2159,40,3
2159,41,2
2159,42,1
2160,52,3
2160,53,2
2160,54,1
2161,73,3
2161,74,1
2161,75,2
2162,16,2
2162,17,1
2162,18,3
2163,40,3
2163,41,2
2163,42,1
2164,28,3
2164,29,2
2164,30,1
2165,4,3
2165,5,2
2165,6,1
2166,73,2
2166,74,1
2166,75,3
2167,13,3
2167,14,1
2167,15,2
2168,43,1
2168,44,3
2168,45,2
2169,64,2
2169,65,3
2169,66,1
2170,67,1
2170,68,2
2170,69,3
2171,19,1
2171,20,3
2171,21,2
2172,73,1
2172,74,3
2172,75,2
2173,31,1
2173,32,3
2173,33,2
2174,25,2
2174,26,1
2174,27,3
2175,7,3
2175,8,1
2175,9,2
2176,70,2
2176,71,1
2176,72,3
2177,73,3
2177,74,2
2177,75,1
2178,79,1
2178,80,3
2178,81,2
2179,58,1
2179,59,2
2179,60,3
2180,70,2
2180,71,1
2180,72,3
2181,28,3
2181,29,2
2181,30,1
2182,25,3
2182,26,2
2182,27,1
2183,73,2
2183,74,1
2183,75,3
2184,70,2
2184,71,3
2184,72,1
2185,43,3
2185,44,2
2185,45,1
2186,28,3
2186,29,1
2186,30,2
2187,34,3
2187,35,2
2187,36,1
2188,7,3
2188,8,2
2188,9,1
2189,85,1
2189,86,3
2189,87,2
2190,70,2
2190,71,3
2190,72,1
2191,31,2
2191,32,3
2191,33,1
2192,16,3
2192,17,1
2192,18,2
2193,37,1
2193,38,3
2193,39,2
2194,43,3
2194,44,2
2194,45,1
2195,55,1
2195,56,2
2195,57,3
2196,73,2
2196,74,3
2196,75,1
2197,64,3
2197,65,2
2197,66,1
2198,52,1
2198,53,3
2198,54,2
2199,7,3
2199,8,2
2199,9,1
2200,70,2
2200,71,1
2200,72,3
2201,61,2
2201,62,1
2201,63,3
2202,73,2
2202,74,3
2202,75,1
2203,85,2
2203,86,1
2203,87,3
2204,37,3
2204,38,2
2204,39,1
2205,13,2
2205,14,3
2205,15,1
2206,58,1
2206,59,2
2206,60,3
2207,70,3
2207,71,1
2207,72,2
2208,4,2
2208,5,1
2208,6,3
2209,64,3
2209,65,1
2209,66,2
2210,61,3
2210,62,2
2210,63,1
2211,1,1
2211,2,2
2211,3,3
2212,37,2
2212,38,3
2212,39,1
2213,58,3
2213,59,2
2213,60,1
2214,46,1
2214,47,2
2214,48,3
2215,58,1
2215,59,2
2215,60,3
2216,19,1
2216,20,2
2216,21,3
2217,37,1
2217,38,2
2217,39,3
2218,7,2
2218,8,1
2218,9,3
2219,4,3
2219,5,2
2219,6,1
2220,34,3
2220,35,1
2220,36,2
2221,67,2
2221,68,1
2221,69,3
2222,46,1
2222,47,3
2222,48,2
2223,64,3
2223,65,2
2223,66,1
2224,40,1
2224,41,3
2224,42,2
2225,22,3
2225,23,2
2225,24,1
2226,76,2
2226,77,1
2226,78,3
2227,7,3
2227,8,1
2227,9,2
2228,76,1
2228,77,3
2228,78,2
2229,4,1
2229,5,2
2229,6,3
2230,55,1
2230,56,3
2230,57,2
2231,46,3
2231,47,2
2231,48,1
2232,64,1
2232,65,3
2232,66,2
2233,22,3
2233,23,2
2233,24,1
2234,67,2
2234,68,1
2234,69,3
2235,82,1
2235,83,3
2235,84,2
2236,25,1
2236,26,2
2236,27,3
2237,16,1
2237,17,2
2237,18,3
2238,85,3
2238,86,1
2238,87,2
2239,10,3
2239,11,2
2239,12,1
2240,82,2
2240,83,3
2240,84,1
2241,28,1
2241,29,3
2241,30,2
2242,37,2
2242,38,1
2242,39,3
2243,22,3
2243,23,2
2243,24,1
2244,43,3
2244,44,1
2244,45,2
2245,1,1
2245,2,2
2245,3,3
2246,43,2
2246,44,1
2246,45,3
2247,82,2
2247,83,3
2247,84,1
2248,76,1
2248,77,2
2248,78,3
2249,10,1
2249,11,2
2249,12,3
2250,43,3
2250,44,1
2250,45,2
2251,73,2
2251,74,1
2251,75,3
2252,25,3
2252,26,2
2252,27,1
2253,1,1
2253,2,2
2253,3,3
2254,58,3
2254,59,1
2254,60,2
2255,22,3
2255,23,1
2255,24,2
2256,46,1
2256,47,3
2256,48,2
2257,25,3
2257,26,1
2257,27,2
2258,43,1
2258,44,3
2258,45,2
2259,70,1
2259,71,3
2259,72,2
2260,31,3
2260,32,2
2260,33,1
2261,31,3
2261,32,2
2261,33,1
2262,67,3
2262,68,1
2262,69,2
2263,61,1
2263,62,3
2263,63,2
2264,52,1
2264,53,3
2264,54,2
2265,25,3
2265,26,1
2265,27,2
2266,19,2
2266,20,1
2266,21,3
2267,55,2
2267,56,1
2267,57,3
2268,70,3
2268,71,2
2268,72,1
2269,85,1
2269,86,2
2269,87,3
2270,40,2
2270,41,3
2270,42,1
2271,64,1
2271,65,3
2271,66,2
2272,19,1
2272,20,3
2272,21,2
2273,76,1
2273,77,2
2273,78,3
2274,43,1
2274,44,3
2274,45,2
2275,46,2
2275,47,1
2275,48,3
2276,28,2
2276,29,3
2276,30,1
2277,73,1
2277,74,2
2277,75,3
2278,10,2
2278,11,3
2278,12,1
2279,61,1
2279,62,3
2279,63,2
2280,13,3
2280,14,1
2280,15,2
2281,28,3
2281,29,2
2281,30,1
2282,10,1
2282,11,3
2282,12,2
2283,46,1
2283,47,3
2283,48,2
2284,28,2
2284,29,3
2284,30,1
2285,58,2
2285,59,1
2285,60,3
2286,4,3
2286,5,1
2286,6,2
2287,13,2
2287,14,3
2287,15,1
2288,22,2
2288,23,3
2288,24,1
2289,28,3
2289,29,2
2289,30,1
2290,37,1
2290,38,2
2290,39,3
2291,55,3
2291,56,2
2291,57,1
2292,40,3
2292,41,1
2292,42,2
2293,10,1
2293,11,2
2293,12,3
2294,76,3
2294,77,2
2294,78,1
2295,1,1
2295,2,2
2295,3,3
2296,52,3
2296,53,2
2296,54,1
2297,64,1
2297,65,2
2297,66,3
2298,58,3
2298,59,2
2298,60,1
2299,10,2
2299,11,3
2299,12,1
2300,85,2
2300,86,1
2300,87,3
2301,31,2
2301,32,3
2301,33,1
2302,52,3
2302,53,1
2302,54,2
2303,13,2
2303,14,1
2303,15,3
2304,43,2
2304,44,1
2304,45,3
2305,7,2
2305,8,1
2305,9,3
2306,22,3
2306,23,1
2306,24,2
2307,16,2
2307,17,3
2307,18,1
2308,28,3
2308,29,2
2308,30,1
2309,1,1
2309,2,2
2309,3,3
2310,58,2
2310,59,3
2310,60,1
2311,40,3
2311,41,1
2311,42,2
2312,4,2
2312,5,1
2312,6,3
2313,37,2
2313,38,1
2313,39,3
2314,19,3
2314,20,1
2314,21,2
2315,85,2
2315,86,1
2315,87,3
2316,58,3
2316,59,2
2316,60,1
2317,31,3
2317,32,2
2317,33,1
2318,10,1
2318,11,3
2318,12,2
2319,37,3
2319,38,2
2319,39,1
2320,16,3
2320,17,1
2320,18,2
2321,10,1
2321,11,2
2321,12,3
2322,25,1
2322,26,2
2322,27,3
2323,7,3
2323,8,2
2323,9,1
2324,67,3
2324,68,1
2324,69,2
2325,43,1
2325,44,3
2325,45,2
2326,52,2
2326,53,3
2326,54,1
2327,19,2
2327,20,1
2327,21,3
2328,61,3
2328,62,2
2328,63,1
2329,1,2
2329,2,3
2329,3,1
2330,79,1
2330,80,3
2330,81,2
2331,43,2
2331,44,1
2331,45,3
2332,70,2
2332,71,3
2332,72,1
2333,85,3
2333,86,1
2333,87,2
2334,49,2
2334,50,1
2334,51,3
2335,1,1
2335,2,2
2335,3,3
2336,79,1
2336,80,3
2336,81,2
2337,70,3
2337,71,2
2337,72,1
2338,79,1
2338,80,3
2338,81,2
2339,13,1
2339,14,2
2339,15,3
2340,40,3
2340,41,1
2340,42,2
2341,22,1
2341,23,3
2341,24,2
2342,52,3
2342,53,1
2342,54,2
2343,58,2
2343,59,1
2343,60,3
2344,67,1
2344,68,2
2344,69,3
2345,7,3
2345,8,1
2345,9,2
2346,61,2
2346,62,3
2346,63,1
2347,10,1
2347,11,3
2347,12,2
2348,34,3
2348,35,1
2348,36,2
2349,4,3
2349,5,2
2349,6,1
2350,10,2
2350,11,3
2350,12,1
2351,16,1
2351,17,3
2351,18,2
2352,19,2
2352,20,3
2352,21,1
2353,82,2
2353,83,3
2353,84,1
2354,64,3
2354,65,1
2354,66,2
2355,40,1
2355,41,3
2355,42,2
2356,58,2
2356,59,1
2356,60,3
2357,13,1
2357,14,2
2357,15,3
2358,85,1
2358,86,2
2358,87,3
2359,79,3
2359,80,2
2359,81,1
2360,67,2
2360,68,1
2360,69,3
2361,13,1
2361,14,3
2361,15,2
2362,25,1
2362,26,3
2362,27,2
2363,73,2
2363,74,3
2363,75,1
2364,4,1
2364,5,2
2364,6,3
2365,64,2
2365,65,1
2365,66,3
2366,82,1
2366,83,3
2366,84,2
2367,22,3
2367,23,2
2367,24,1
2368,52,3
2368,53,1
2368,54,2
2369,43,2
2369,44,3
2369,45,1
2370,10,1
2370,11,2
2370,12,3
2371,61,1
2371,62,3
2371,63,2
2372,46,1
2372,47,3
2372,48,2
2373,28,3
2373,29,2
2373,30,1
2374,70,1
2374,71,3
2374,72,2
2375,73,3
2375,74,2
2375,75,1
2376,1,1
2376,2,2
2376,3,3
2377,85,1
2377,86,2
2377,87,3
2378,70,3
2378,71,1
2378,72,2
2379,4,3
2379,5,2
2379,6,1
2380,16,2
2380,17,1
2380,18,3
2381,52,2
2381,53,3
2381,54,1
2382,76,3
2382,77,2
2382,78,1
2383,43,1
2383,44,3
2383,45,2
2384,16,1
2384,17,3
2384,18,2
2385,58,1
2385,59,3
2385,60,2
2386,25,3
2386,26,2
2386,27,1
2387,40,2
2387,41,1
2387,42,3
2388,37,2
2388,38,1
2388,39,3
2389,67,3
2389,68,1
2389,69,2
2390,46,1
2390,47,3
2390,48,2
2391,31,2
2391,32,1
2391,33,3
2392,49,2
2392,50,1
2392,51,3
2393,55,3
2393,56,2
2393,57,1
2394,61,3
2394,62,1
2394,63,2
2395,37,3
2395,38,1
2395,39,2
2396,28,3
2396,29,1
2396,30,2
2397,1,2
2397,2,3
2397,3,1
2398,64,2
2398,65,1
2398,66,3
2399,67,1
2399,68,2
2399,69,3
2400,40,1
2400,41,3
2400,42,2
2401,46,2
2401,47,3
2401,48,1
2402,76,2
2402,77,1
2402,78,3
2403,73,3
2403,74,2
2403,75,1
2404,34,2
2404,35,3
2404,36,1
2405,55,3
2405,56,1
2405,57,2
2406,61,3
2406,62,1
2406,63,2
2407,19,3
2407,20,1
2407,21,2
2408,4,2
2408,5,3
2408,6,1
2409,73,2
2409,74,1
2409,75,3
2410,25,2
2410,26,3
2410,27,1
2411,4,3
2411,5,2
2411,6,1
2412,46,2
2412,47,1
2412,48,3
2413,37,3
2413,38,2
2413,39,1
2414,49,2
2414,50,3
2414,51,1
2415,79,3
2415,80,1
2415,81,2
2416,85,2
2416,86,3
2416,87,1
2417,1,1
2417,2,3
2417,3,2
2418,4,2
2418,5,3
2418,6,1
2419,40,1
2419,41,2
2419,42,3
2420,16,3
2420,17,2
2420,18,1
2421,10,2
2421,11,1
2421,12,3
2422,70,3
2422,71,1
2422,72,2
2423,67,2
2423,68,1
2423,69,3
2424,58,3
2424,59,2
2424,60,1
2425,64,2
2425,65,3
2425,66,1
2426,61,2
2426,62,3
2426,63,1
2427,43,2
2427,44,1
2427,45,3
2428,19,1
2428,20,3
2428,21,2
2429,25,1
2429,26,3
2429,27,2
2430,43,1
2430,44,2
2430,45,3
2431,85,3
2431,86,1
2431,87,2
2432,55,3
2432,56,2
2432,57,1
2433,70,3
2433,71,1
2433,72,2
2434,76,2
2434,77,3
2434,78,1
2435,55,2
2435,56,1
2435,57,3
2436,16,1
2436,17,2
2436,18,3
2437,19,2
2437,20,1
2437,21,3
2438,67,3
2438,68,2
2438,69,1
2439,73,1
2439,74,3
2439,75,2
2440,55,1
2440,56,3
2440,57,2
2441,25,2
2441,26,1
2441,27,3
2442,31,3
2442,32,1
2442,33,2
2443,52,1
2443,53,2
2443,54,3
2444,1,2
2444,2,3
2444,3,1
2445,79,2
2445,80,3
2445,81,1
2446,82,1
2446,83,3
2446,84,2
2447,61,2
2447,62,3
2447,63,1
2448,82,3
2448,83,1
2448,84,2
2449,28,2
2449,29,1
2449,30,3
2450,70,2
2450,71,1
2450,72,3
2451,25,2
2451,26,3
2451,27,1
2452,43,3
2452,44,2
2452,45,1
2453,13,1
2453,14,3
2453,15,2
2454,19,1
2454,20,2
2454,21,3
2455,85,3
2455,86,2
2455,87,1
2456,58,3
2456,59,1
2456,60,2
2457,85,2
2457,86,1
2457,87,3
2458,49,3
2458,50,2
2458,51,1
2459,19,2
2459,20,3
2459,21,1
2460,58,2
2460,59,3
2460,60,1
2461,40,1
2461,41,3
2461,42,2
2462,67,2
2462,68,1
2462,69,3
2463,34,1
2463,35,3
2463,36,2
2464,55,3
2464,56,1
2464,57,2
2465,25,1
2465,26,3
2465,27,2
2466,49,3
2466,50,1
2466,51,2
2467,4,1
2467,5,2
2467,6,3
2468,1,1
2468,2,3
2468,3,2
2469,13,2
2469,14,1
2469,15,3
2470,79,2
2470,80,1
2470,81,3
2471,49,2
2471,50,3
2471,51,1
2472,52,3
2472,53,2
2472,54,1
2473,22,3
2473,23,2
2473,24,1
2474,13,2
2474,14,1
2474,15,3
2475,1,1
2475,2,2
2475,3,3
2476,79,2
2476,80,1
2476,81,3
2477,22,1
2477,23,2
2477,24,3
2478,4,2
2478,5,3
2478,6,1
2479,76,1
2479,77,3
2479,78,2
2480,7,2
2480,8,1
2480,9,3
2481,43,1
2481,44,3
2481,45,2
2482,25,2
2482,26,1
2482,27,3
2483,1,3
2483,2,1
2483,3,2
2484,10,2
2484,11,3
2484,12,1
2485,16,1
2485,17,3
2485,18,2
2486,64,2
2486,65,1
2486,66,3
2487,82,1
2487,83,3
2487,84,2
2488,70,1
2488,71,3
2488,72,2
2489,31,3
2489,32,1
2489,33,2
2490,25,2
2490,26,3
2490,27,1
2491,19,3
2491,20,1
2491,21,2
2492,64,3
2492,65,1
2492,66,2
2493,85,3
2493,86,2
2493,87,1
2494,4,1
2494,5,3
2494,6,2
2495,16,2
2495,17,1
2495,18,3
2496,61,1
2496,62,3
2496,63,2
2497,49,3
2497,50,1
2497,51,2
2498,10,1
2498,11,2
2498,12,3
2499,85,1
2499,86,3
2499,87,2
2500,64,2
2500,65,1
2500,66,3
2501,70,2
2501,71,1
2501,72,3
2502,67,3
2502,68,2
2502,69,1
2503,25,1
2503,26,2
2503,27,3
2504,22,3
2504,23,1
2504,24,2
2505,52,3
2505,53,1
2505,54,2
2506,85,3
2506,86,1
2506,87,2
2507,13,1
2507,14,2
2507,15,3
2508,37,2
2508,38,1
2508,39,3
2509,22,3
2509,23,1
2509,24,2
2510,76,2
2510,77,1
2510,78,3
2511,55,3
2511,56,1
2511,57,2
2512,46,2
2512,47,1
2512,48,3
2513,58,2
2513,59,1
2513,60,3
2514,55,2
2514,56,1
2514,57,3
2515,16,3
2515,17,1
2515,18,2
2516,76,2
2516,77,1
2516,78,3
2517,67,2
2517,68,3
2517,69,1
2518,46,2
2518,47,1
2518,48,3
2519,79,2
2519,80,3
2519,81,1
2520,40,1
2520,41,3
2520,42,2
2521,19,3
2521,20,2
2521,21,1
2522,67,3
2522,68,2
2522,69,1
2523,49,2
2523,50,1
2523,51,3
2524,25,2
2524,26,1
2524,27,3
2525,76,2
2525,77,3
2525,78,1
2526,10,1
2526,11,2
2526,12,3
2527,70,3
2527,71,1
2527,72,2
2528,7,1
2528,8,3
2528,9,2
2529,25,2
2529,26,1
2529,27,3
2530,43,2
2530,44,3
2530,45,1
2531,61,3
2531,62,1
2531,63,2
2532,64,3
2532,65,2
2532,66,1
2533,61,3
2533,62,1
2533,63,2
2534,28,2
2534,29,3
2534,30,1
2535,37,2
2535,38,3
2535,39,1
2536,64,1
2536,65,2
2536,66,3
2537,16,2
2537,17,3
2537,18,1
2538,1,3
2538,2,1
2538,3,2
2539,7,2
2539,8,1
2539,9,3
2540,58,2
2540,59,1
2540,60,3
2541,22,2
2541,23,3
2541,24,1
2542,49,2
2542,50,1
2542,51,3
2543,28,3
2543,29,1
2543,30,2
2544,40,3
2544,41,1
2544,42,2
2545,7,2
2545,8,3
2545,9,1
2546,34,2
2546,35,1
2546,36,3
2547,82,1
2547,83,2
2547,84,3
2548,19,2
2548,20,1
2548,21,3
2549,7,2
2549,8,3
2549,9,1
2550,73,3
2550,74,1
2550,75,2
2551,34,3
2551,35,2
2551,36,1
2552,64,2
2552,65,1
2552,66,3
2553,19,2
2553,20,3
2553,21,1
2554,70,1
2554,71,3
2554,72,2
2555,79,3
2555,80,1
2555,81,2
2556,67,1
2556,68,2
2556,69,3
2557,55,2
2557,56,3
2557,57,1
2558,64,2
2558,65,1
2558,66,3
2559,34,2
2559,35,3
2559,36,1
2560,19,1
2560,20,3
2560,21,2
2561,76,3
2561,77,1
2561,78,2
2562,76,1
2562,77,3
2562,78,2
2563,64,2
2563,65,1
2563,66,3
2564,4,3
2564,5,2
2564,6,1
2565,19,3
2565,20,1
2565,21,2
2566,64,3
2566,65,2
2566,66,1
2567,73,3
2567,74,1
2567,75,2
2568,58,3
2568,59,1
2568,60,2
2569,1,2
2569,2,3
2569,3,1
2570,46,2
2570,47,3
2570,48,1
2571,22,3
2571,23,1
2571,24,2
2572,64,1
2572,65,2
2572,66,3
2573,22,2
2573,23,3
2573,24,1
2574,31,3
2574,32,2
2574,33,1
2575,52,3
2575,53,1
2575,54,2
2576,55,2
2576,56,1
2576,57,3
2577,25,3
2577,26,1
2577,27,2
2578,43,2
2578,44,3
2578,45,1
2579,46,2
2579,47,3
2579,48,1
2580,61,1
2580,62,2
2580,63,3
2581,40,1
2581,41,3
2581,42,2
2582,79,3
2582,80,1
2582,81,2
2583,82,2
2583,83,3
2583,84,1
2584,67,2
2584,68,3
2584,69,1
2585,46,3
2585,47,1
2585,48,2
2586,49,3
2586,50,1
2586,51,2
2587,58,1
2587,59,2
2587,60,3
2588,34,2
2588,35,3
2588,36,1
2589,34,1
2589,35,3
2589,36,2
2590,13,2
2590,14,1
2590,15,3
2591,85,1
2591,86,3
2591,87,2
2592,28,1
2592,29,3
2592,30,2
2593,1,3
2593,2,2
2593,3,1
2594,49,1
2594,50,3
2594,51,2
2595,79,1
2595,80,2
2595,81,3
2596,25,2
2596,26,3
2596,27,1
2597,70,3
2597,71,1
2597,72,2
2598,46,3
2598,47,2
2598,48,1
2599,55,3
2599,56,1
2599,57,2
2600,76,1
2600,77,3
2600,78,2
2601,37,1
2601,38,3
2601,39,2
2602,37,1
2602,38,2
2602,39,3
2603,22,3
2603,23,2
2603,24,1
2604,76,1
2604,77,3
2604,78,2
2605,4,1
2605,5,3
2605,6,2
2606,19,3
2606,20,1
2606,21,2
2607,55,2
2607,56,3
2607,57,1
2608,19,2
2608,20,3
2608,21,1
2609,22,2
2609,23,1
2609,24,3
2610,58,2
2610,59,1
2610,60,3
2611,37,2
2611,38,1
2611,39,3
2612,64,1
2612,65,2
2612,66,3
2613,73,1
2613,74,2
2613,75,3
2614,7,3
2614,8,2
2614,9,1
2615,34,2
2615,35,3
2615,36,1
2616,85,1
2616,86,2
2616,87,3
2617,19,1
2617,20,3
2617,21,2
2618,40,3
2618,41,1
2618,42,2
2619,7,3
2619,8,2
2619,9,1
2620,52,3
2620,53,2
2620,54,1
2621,28,2
2621,29,1
2621,30,3
2622,76,1
2622,77,2
2622,78,3
2623,19,3
2623,20,1
2623,21,2
2624,67,1
2624,68,3
2624,69,2
2625,82,1
2625,83,3
2625,84,2
2626,10,1
2626,11,3
2626,12,2
2627,79,2
2627,80,3
2627,81,1
2628,31,2
2628,32,3
2628,33,1
2629,49,1
2629,50,3
2629,51,2
2630,79,2
2630,80,1
2630,81,3
2631,64,2
2631,65,1
2631,66,3
2632,85,1
2632,86,3
2632,87,2
2633,55,2
2633,56,1
2633,57,3
2634,16,3
2634,17,1
2634,18,2
2635,10,1
2635,11,2
2635,12,3
2636,34,1
2636,35,2
2636,36,3
2637,7,2
2637,8,3
2637,9,1
2638,58,2
2638,59,3
2638,60,1
2639,79,1
2639,80,2
2639,81,3
2640,43,1
2640,44,2
2640,45,3
2641,13,1
2641,14,2
2641,15,3
2642,28,1
2642,29,3
2642,30,2
2643,82,1
2643,83,2
2643,84,3
2644,28,2
2644,29,1
2644,30,3
2645,70,3
2645,71,2
2645,72,1
2646,37,3
2646,38,1
2646,39,2
2647,55,1
2647,56,3
2647,57,2
2648,22,3
2648,23,2
2648,24,1
2649,64,3
2649,65,1
2649,66,2
2650,55,3
2650,56,1
2650,57,2
2651,46,2
2651,47,3
2651,48,1
2652,22,1
2652,23,3
2652,24,2
2653,10,1
2653,11,2
2653,12,3
2654,34,1
2654,35,2
2654,36,3
2655,13,2
2655,14,1
2655,15,3
2656,55,2
2656,56,1
2656,57,3
2657,49,3
2657,50,2
2657,51,1
2658,79,3
2658,80,1
2658,81,2
2659,10,2
2659,11,1
2659,12,3
2660,64,3
2660,65,2
2660,66,1
2661,79,3
2661,80,2
2661,81,1
2662,34,2
2662,35,1
2662,36,3
2663,70,3
2663,71,2
2663,72,1
2664,46,1
2664,47,2
2664,48,3
2665,82,2
2665,83,1
2665,84,3
2666,7,2
2666,8,3
2666,9,1
2667,4,2
2667,5,1
2667,6,3
2668,61,2
2668,62,1
2668,63,3
2669,13,2
2669,14,3
2669,15,1
2670,25,2
2670,26,1
2670,27,3
2671,52,3
2671,53,1
2671,54,2
2672,13,2
2672,14,1
2672,15,3
2673,70,3
2673,71,2
2673,72,1
2674,49,3
2674,50,2
2674,51,1
2675,31,3
2675,32,2
2675,33,1
2676,34,2
2676,35,1
2676,36,3
2677,67,1
2677,68,2
2677,69,3
2678,4,1
2678,5,2
2678,6,3
2679,52,3
2679,53,1
2679,54,2
2680,25,2
2680,26,1
2680,27,3
2681,76,2
2681,77,1
2681,78,3
2682,58,2
2682,59,3
2682,60,1
2683,25,2
2683,26,1
2683,27,3
2684,67,3
2684,68,1
2684,69,2
2685,79,3
2685,80,1
2685,81,2
2686,85,3
2686,86,2
2686,87,1
2687,7,2
2687,8,1
2687,9,3
2688,46,2
2688,47,1
2688,48,3
2689,52,1
2689,53,3
2689,54,2
2690,4,3
2690,5,1
2690,6,2
2691,85,1
2691,86,2
2691,87,3
2692,16,2
2692,17,1
2692,18,3
2693,58,1
2693,59,2
2693,60,3
2694,73,3
2694,74,1
2694,75,2
2695,10,3
2695,11,1
2695,12,2
2696,28,1
2696,29,3
2696,30,2
2697,79,1
2697,80,3
2697,81,2
2698,52,2
2698,53,1
2698,54,3
2699,85,1
2699,86,3
2699,87,2
2700,64,3
2700,65,1
2700,66,2
2701,67,2
2701,68,1
2701,69,3
2702,31,3
2702,32,1
2702,33,2
2703,61,1
2703,62,2
2703,63,3
2704,52,1
2704,53,3
2704,54,2
2705,25,1
2705,26,3
2705,27,2
2706,34,3
2706,35,1
2706,36,2
2707,10,2
2707,11,1
2707,12,3
2708,4,3
2708,5,2
2708,6,1
2709,67,2
2709,68,1
2709,69,3
2710,25,2
2710,26,1
2710,27,3
2711,73,1
2711,74,2
2711,75,3
2712,16,1
2712,17,2
2712,18,3
2713,58,2
2713,59,1
2713,60,3
2714,1,3
2714,2,2
2714,3,1
2715,55,1
2715,56,2
2715,57,3
2716,10,1
2716,11,2
2716,12,3
2717,76,1
2717,77,2
2717,78,3
2718,85,2
2718,86,3
2718,87,1
2719,10,1
2719,11,3
2719,12,2
2720,34,3
2720,35,2
2720,36,1
2721,73,1
2721,74,3
2721,75,2
2722,49,1
2722,50,3
2722,51,2
2723,31,3
2723,32,1
2723,33,2
2724,10,1
2724,11,2
2724,12,3
2725,31,3
2725,32,2
2725,33,1
2726,52,2
2726,53,1
2726,54,3
2727,79,1
2727,80,3
2727,81,2
2728,7,1
2728,8,2
2728,9,3
2729,76,3
2729,77,1
2729,78,2
2730,19,2
2730,20,1
2730,21,3
2731,10,3
2731,11,2
2731,12,1
2732,73,1
2732,74,3
2732,75,2
2733,46,1
2733,47,3
2733,48,2
2734,49,1
2734,50,2
2734,51,3
2735,43,3
2735,44,2
2735,45,1
2736,67,2
2736,68,1
2736,69,3
2737,13,3
2737,14,2
2737,15,1
2738,19,3
2738,20,2
2738,21,1
2739,64,1
2739,65,2
2739,66,3
2740,52,3
2740,53,1
2740,54,2
2741,61,2
2741,62,1
2741,63,3
2742,40,2
2742,41,1
2742,42,3
2743,34,3
2743,35,1
2743,36,2
2744,82,2
2744,83,3
2744,84,1
2745,25,1
2745,26,3
2745,27,2
2746,55,3
2746,56,1
2746,57,2
2747,64,3
2747,65,2
2747,66,1
2748,46,2
2748,47,3
2748,48,1
2749,85,1
2749,86,2
2749,87,3
2750,85,2
2750,86,1
2750,87,3
2751,76,1
2751,77,2
2751,78,3
2752,31,1
2752,32,2
2752,33,3
2753,37,3
2753,38,2
2753,39,1
2754,79,2
2754,80,3
2754,81,1
2755,55,3
2755,56,1
2755,57,2
2756,4,3
2756,5,1
2756,6,2
2757,85,2
2757,86,1
2757,87,3
2758,31,3
2758,32,1
2758,33,2
2759,37,2
2759,38,3
2759,39,1
2760,22,3
2760,23,1
2760,24,2
2761,82,3
2761,83,2
2761,84,1
2762,85,1
2762,86,2
2762,87,3
2763,79,3
2763,80,2
2763,81,1
2764,4,2
2764,5,1
2764,6,3
2765,10,2
2765,11,1
2765,12,3
2766,4,2
2766,5,3
2766,6,1
2767,19,1
2767,20,2
2767,21,3
2768,67,3
2768,68,1
2768,69,2
2769,40,1
2769,41,2
2769,42,3
2770,16,1
2770,17,3
2770,18,2
2771,64,1
2771,65,2
2771,66,3
2772,25,1
2772,26,3
2772,27,2
2773,61,2
2773,62,1
2773,63,3
2774,4,1
2774,5,3
2774,6,2
2775,49,2
2775,50,1
2775,51,3
2776,76,1
2776,77,3
2776,78,2
2777,1,1
2777,2,2
2777,3,3
2778,55,2
2778,56,1
2778,57,3
2779,19,3
2779,20,1
2779,21,2
2780,22,2
2780,23,3
2780,24,1
2781,67,2
2781,68,3
2781,69,1
2782,52,2
2782,53,1
2782,54,3
2783,49,1
2783,50,3
2783,51,2
2784,79,1
2784,80,3
2784,81,2
2785,61,2
2785,62,1
2785,63,3
2786,85,1
2786,86,2
2786,87,3
2787,25,2
2787,26,3
2787,27,1
2788,16,1
2788,17,3
2788,18,2
2789,79,3
2789,80,2
2789,81,1
2790,7,1
2790,8,3
2790,9,2
2791,1,3
2791,2,1
2791,3,2
2792,49,1
2792,50,3
2792,51,2
2793,13,2
2793,14,3
2793,15,1
2794,16,1
2794,17,3
2794,18,2
2795,7,1
2795,8,3
2795,9,2
2796,61,3
2796,62,1
2796,63,2
2797,22,3
2797,23,2
2797,24,1
2798,55,2
2798,56,3
2798,57,1
2799,13,3
2799,14,2
2799,15,1
2800,37,1
2800,38,3
2800,39,2
2801,49,1
2801,50,2
2801,51,3
2802,67,3
2802,68,1
2802,69,2
2803,4,2
2803,5,3
2803,6,1
2804,76,1
2804,77,2
2804,78,3
2805,82,3
2805,83,1
2805,84,2
2806,10,3
2806,11,2
2806,12,1
2807,67,1
2807,68,2
2807,69,3
2808,61,2
2808,62,1
2808,63,3
2809,64,3
2809,65,2
2809,66,1
2810,1,3
2810,2,1
2810,3,2
2811,55,2
2811,56,1
2811,57,3
2812,85,1
2812,86,3
2812,87,2
2813,31,3
2813,32,1
2813,33,2
2814,43,1
2814,44,3
2814,45,2
2815,34,1
2815,35,2
2815,36,3
2816,40,3
2816,41,2
2816,42,1
2817,64,2
2817,65,3
2817,66,1
2818,16,3
2818,17,2
2818,18,1
2819,16,3
2819,17,1
2819,18,2
2820,10,3
2820,11,2
2820,12,1
2821,58,3
2821,59,1
2821,60,2
2822,19,1
2822,20,2
2822,21,3
2823,73,3
2823,74,2
2823,75,1
2824,1,2
2824,2,1
2824,3,3
2825,7,1
2825,8,2
2825,9,3
2826,49,3
2826,50,1
2826,51,2
2827,64,2
2827,65,3
2827,66,1
2828,1,1
2828,2,2
2828,3,3
2829,16,2
2829,17,3
2829,18,1
2830,22,1
2830,23,2
2830,24,3
2831,76,3
2831,77,1
2831,78,2
2832,55,2
2832,56,1
2832,57,3
2833,10,3
2833,11,2
2833,12,1
2834,55,2
2834,56,3
2834,57,1
2835,10,3
2835,11,2
2835,12,1
2836,16,3
2836,17,1
2836,18,2
2837,43,1
2837,44,3
2837,45,2
2838,46,3
2838,47,1
2838,48,2
2839,37,1
2839,38,2
2839,39,3
2840,58,2
2840,59,1
2840,60,3
2841,70,1
2841,71,2
2841,72,3
2842,28,2
2842,29,1
2842,30,3
2843,64,1
2843,65,2
2843,66,3
2844,73,1
2844,74,3
2844,75,2
2845,40,1
2845,41,2
2845,42,3
2846,34,2
2846,35,3
2846,36,1
2847,1,3
2847,2,2
2847,3,1
2848,46,1
2848,47,2
2848,48,3
2849,7,2
2849,8,1
2849,9,3
2850,55,1
2850,56,2
2850,57,3
2851,16,2
2851,17,1
2851,18,3
2852,22,1
2852,23,3
2852,24,2
2853,64,2
2853,65,1
2853,66,3
2854,46,3
2854,47,1
2854,48,2
2855,55,2
2855,56,3
2855,57,1
2856,58,1
2856,59,3
2856,60,2
2857,85,1
2857,86,3
2857,87,2
2858,79,3
2858,80,1
2858,81,2
2859,73,1
2859,74,3
2859,75,2
2860,10,1
2860,11,2
2860,12,3
2861,76,1
2861,77,2
2861,78,3
2862,34,1
2862,35,3
2862,36,2
2863,67,2
2863,68,1
2863,69,3
2864,49,2
2864,50,1
2864,51,3
2865,22,3
2865,23,2
2865,24,1
2866,40,1
2866,41,2
2866,42,3
2867,22,1
2867,23,2
2867,24,3
2868,64,2
2868,65,3
2868,66,1
2869,58,3
2869,59,2
2869,60,1
2870,43,2
2870,44,3
2870,45,1
2871,1,3
2871,2,2
2871,3,1
2872,52,1
2872,53,3
2872,54,2
2873,67,2
2873,68,3
2873,69,1
2874,79,2
2874,80,3
2874,81,1
2875,34,2
2875,35,3
2875,36,1
2876,58,1
2876,59,3
2876,60,2
2877,1,3
2877,2,1
2877,3,2
2878,7,3
2878,8,2
2878,9,1
2879,31,3
2879,32,1
2879,33,2
2880,1,3
2880,2,2
2880,3,1
2881,31,1
2881,32,2
2881,33,3
2882,79,3
2882,80,1
2882,81,2
2883,67,3
2883,68,2
2883,69,1
2884,73,2
2884,74,3
2884,75,1
2885,16,2
2885,17,3
2885,18,1
2886,43,2
2886,44,3
2886,45,1
2887,10,1
2887,11,3
2887,12,2
2888,49,1
2888,50,3
2888,51,2
2889,49,1
2889,50,2
2889,51,3
2890,25,3
2890,26,1
2890,27,2
2891,16,2
2891,17,3
2891,18,1
2892,13,1
2892,14,3
2892,15,2
2893,31,2
2893,32,1
2893,33,3
2894,37,2
2894,38,3
2894,39,1
2895,85,1
2895,86,2
2895,87,3
2896,4,1
2896,5,2
2896,6,3
2897,25,1
2897,26,3
2897,27,2
2898,49,3
2898,50,1
2898,51,2
2899,31,3
2899,32,1
2899,33,2
2900,79,2
2900,80,3
2900,81,1
2901,28,3
2901,29,1
2901,30,2
2902,85,2
2902,86,3
2902,87,1
2903,52,3
2903,53,2
2903,54,1
2904,76,2
2904,77,3
2904,78,1
2905,64,3
2905,65,2
2905,66,1
2906,1,3
2906,2,1
2906,3,2
2907,34,1
2907,35,2
2907,36,3
2908,13,1
2908,14,2
2908,15,3
2909,49,1
2909,50,3
2909,51,2
2910,25,3
2910,26,2
2910,27,1
2911,82,2
2911,83,3
2911,84,1
2912,85,1
2912,86,2
2912,87,3
2913,28,1
2913,29,3
2913,30,2
2914,16,2
2914,17,3
2914,18,1
2915,79,2
2915,80,1
2915,81,3
2916,34,1
2916,35,3
2916,36,2
2917,79,3
2917,80,2
2917,81,1
2918,1,3
2918,2,1
2918,3,2
2919,46,1
2919,47,2
2919,48,3
2920,37,1
2920,38,3
2920,39,2
2921,55,1
2921,56,3
2921,57,2
2922,40,2
2922,41,1
2922,42,3
2923,10,2
2923,11,3
2923,12,1
2924,70,3
2924,71,2
2924,72,1
2925,55,1
2925,56,2
2925,57,3
